Date,Open,High,Low,Close,Volume
16-11-09,160,195,160,177.3,7430400
17-11-09,176.1,186,170.1,171.1,2832800
18-11-09,170.1,170.2,158,158.2,2732000
19-11-09,158.1,167.9,152,164,1627200
22-11-09,167,168.9,163,165.7,872400
23-11-09,164.1,170,164.1,168.5,1091600
24-11-09,170,177,168.8,174.8,1321800
25-11-09,175.9,180,175.9,179.3,1232000
26-11-09,180,182,178,180,1126800
01-12-09,182,182.9,177,177.3,1112600
02-12-09,177.1,177.5,174.2,174.7,921600
03-12-09,174.4,175.4,172.4,173.6,773200
06-12-09,175,176,171.5,171.8,796200
07-12-09,172,173.8,170,170.1,752800
08-12-09,170,171.2,168.6,169.4,555000
09-12-09,171.9,173.9,169,170.7,718200
10-12-09,170.6,172,167.8,169.2,924400
13-12-09,170,173,168,171.6,813600
14-12-09,172,178.2,172,176,1002600
15-12-09,175.5,179,172.3,172.8,745000
17-12-09,174,174,170.5,171.1,424400
20-12-09,171,171.9,170,170.1,626400
21-12-09,171.9,171.9,169.7,170.8,550000
22-12-09,171,178,171,176.7,1074600
23-12-09,178.3,181.4,177,180.2,1776600
24-12-09,181,183.8,179.4,182.5,1584200
27-12-09,183.9,190,183.5,189.7,1863600
29-12-09,190,194.9,188.2,188.6,1420400
30-12-09,189.5,190,186.4,187.5,1442400
03-01-10,187,192.3,187,189.3,962200
04-01-10,190,198.9,190,197.9,2749600
05-01-10,199,202,195.2,196.5,2061800
06-01-10,196,197.8,195,196.4,1436200
07-01-10,197,197,193.5,193.8,1259600
10-01-10,193.9,194.4,190.2,192.3,1605400
11-01-10,193.9,197.4,192.8,196.8,1784800
12-01-10,197.4,207,197.4,206,5308600
13-01-10,206.5,209,197.6,201.2,2952200
14-01-10,203,213.9,203,211.7,3507000
17-01-10,214,215,210.2,211,3133200
18-01-10,212.5,219.9,209.2,219.5,3351800
19-01-10,220,225.8,219.5,224.4,3606800
20-01-10,226.9,227.9,222.5,226.9,2603800
21-01-10,227.7,244.9,227.5,244.4,5070200
24-01-10,244.9,254.9,236,252.6,3997200
25-01-10,255,288,251,278.4,4675000
26-01-10,275,275,238.5,255,4564600
27-01-10,259.9,264,250,259,2219400
28-01-10,262,275,259,272.1,2761600
31-01-10,273,274.9,265,266.9,2327600
01-02-10,265.2,280,265.2,279.4,3569600
02-02-10,275.5,290,270,286.8,2825600
03-02-10,290,300,285.1,287.3,4040200
04-02-10,285,296,282.5,290.9,3093600
07-02-10,291,296.9,290,292.6,1584200
08-02-10,294.5,312,294.1,310.6,5377000
09-02-10,303,324.9,297,319.6,5672800
10-02-10,323,323,310,314,1622400
11-02-10,312,316.1,300.1,312,1972400
14-02-10,312.1,337.5,308.8,333.9,1916000
15-02-10,336,352.8,336,344.3,2624000
16-02-10,345,365,342.2,360.4,1959800
17-02-10,368,395,364.5,385.4,2973800
18-02-10,380.1,380.1,350,361.2,2612400
22-02-10,361,361,310,332.6,1207400
23-02-10,332,345,323.1,341.8,1359800
24-02-10,346.9,368.8,346.9,366.5,1517000
25-02-10,369,380,366,369.3,1501000
28-02-10,374.8,374.8,353.5,355.3,1510800
01-03-10,355,365,350,361.8,1249000
02-03-10,368,368,360,363.4,714600
03-03-10,367.8,369,357.1,358.9,1016200
04-03-10,357.6,362,352,359.8,885200
07-03-10,362,364,349.5,351.9,1157400
08-03-10,350,351,334.1,337.6,1671800
09-03-10,338,342.9,322.5,324.5,1539400
10-03-10,324.1,342,322.2,339.4,1214800
11-03-10,344,347.3,337.1,339.8,728800
14-03-10,342,342,324.5,326.8,1222600
15-03-10,326,326,304.1,323,1582400
16-03-10,329,334,325.1,327.9,1648800
18-03-10,331,331,310.1,314.3,2404000
21-03-10,312,345,306.8,341.8,3035200
22-03-10,344,348.9,337,338.4,1502200
23-03-10,339,349,337.3,339.6,2728400
24-03-10,345,360,345,356.9,3925600
25-03-10,359.9,364,353.3,358.6,2564600
28-03-10,355,361.8,353.5,354.5,1830600
29-03-10,356,357,348.8,353.8,2098600
30-03-10,357.9,360,354,355.3,1607000
31-03-10,355,363,353.5,362.2,3217200
01-04-10,363,365.9,362.6,363.9,1433400
04-04-10,365.8,369.8,364.1,367.5,2531400
05-04-10,368,375,368,370.9,2350200
06-04-10,372,373.9,361.6,362.4,2776800
07-04-10,361,363.9,354.6,359.2,2187400
11-04-10,362,362,353.7,355.7,1292200
12-04-10,358.5,358.5,352.6,353,713000
13-04-10,352.5,354.5,344.5,346.5,1134000
15-04-10,342.5,344,333,334.4,1702800
18-04-10,330,334,321,327.2,1446600
19-04-10,325,336,325,333,1210600
20-04-10,338,345.2,336.1,343.5,1168400
21-04-10,347,349.3,336.9,339,1183000
22-04-10,338,342,336,336.5,654600
25-04-10,335,336.9,326.9,328,1273200
26-04-10,332.8,333.9,327.2,329.6,758600
27-04-10,328.7,332,327.5,328.1,648800
28-04-10,327,328.9,324,324.5,762000
29-04-10,324,331.8,322.1,324.7,714600
02-05-10,325,326,315,316.7,958400
03-05-10,315,317,305.5,311.8,946400
04-05-10,310.1,310.1,292,294,2039600
05-05-10,295,303.6,292,295.4,1183600
06-05-10,299.7,302,296.1,297.3,487200
09-05-10,299.9,299.9,276.5,279.2,1449000
10-05-10,280,280,264.5,265.3,1564000
11-05-10,265,289.9,265,287.2,1495400
12-05-10,293.9,299,288,291,1212600
13-05-10,295,295,284,284.6,592000
16-05-10,279,285,276,277.2,698600
17-05-10,278.3,285,276.5,278,699200
18-05-10,284.5,285,278.5,281.5,632600
19-05-10,285.9,289,280.1,280.8,690000
20-05-10,281.1,284.5,279.8,280.7,617000
23-05-10,284.9,298,281,296.2,1475200
24-05-10,298.9,303,287.1,290.7,927800
25-05-10,292,292,282,284.3,703600
26-05-10,289,289.8,279.5,282.2,563400
30-05-10,280,282,275,276.7,668200
31-05-10,278,279.3,275.3,276.4,422200
01-06-10,276.6,284.5,275.6,281.1,489800
02-06-10,284.9,285,278.2,278.8,353600
03-06-10,278.1,281.8,278,278.6,290200
06-06-10,281,281,277,277.4,391200
07-06-10,277,278.7,270,272.7,445800
08-06-10,275,276.7,272.8,273.6,384200
09-06-10,274.5,276.9,270,270.4,390800
10-06-10,270,270,264.6,268.3,737600
13-06-10,270,270,261.1,262.1,574400
14-06-10,263,264.8,252.1,258.4,821400
15-06-10,262,262,252.8,253.6,709600
16-06-10,255,255,244,253.3,898200
17-06-10,254,263.8,250.1,261.5,711400
20-06-10,264,270,261,266.1,942000
21-06-10,268.5,268.8,258,259.2,423000
22-06-10,260.7,264.9,256.3,257.7,414600
23-06-10,256.5,260.7,252.9,253.4,474600
24-06-10,255,256,249.5,252.5,470000
27-06-10,249.6,253.5,247,247.9,395200
28-06-10,250,251.7,245.2,247.1,724400
29-06-10,250,250,245,245.8,646200
30-06-10,245,245,233.5,235.7,594600
04-07-10,231.5,238,222.3,223.7,656400
05-07-10,221.5,238.5,221.5,236.6,539200
06-07-10,239.9,244.4,238,242.5,517400
07-07-10,241.3,244.8,238.1,242.4,392200
08-07-10,242.2,244,238,239.6,285000
11-07-10,239,241,234.2,235.7,262000
12-07-10,235,237,231.1,232.4,208800
13-07-10,234.3,240.9,232,237.3,316800
14-07-10,240.9,244.9,236.7,238.3,428800
15-07-10,240,242.5,236,241.5,471800
18-07-10,245,258.4,235,255.7,1102800
19-07-10,258.5,264,254.5,257.3,858000
20-07-10,258.8,258.8,249,250.8,399600
21-07-10,251,253.8,245.1,246.6,437400
22-07-10,245,250.9,243.3,246.4,427400
25-07-10,249,249.6,244.6,245.3,308800
26-07-10,245.8,254.8,245.8,250.9,470800
27-07-10,254,260,253.1,254,534200
29-07-10,255.7,260,255.3,258.4,522400
01-08-10,260,272.4,260,269.9,1181000
02-08-10,272.9,277.2,270,273.3,1122400
03-08-10,275,278,271.6,273.2,994200
04-08-10,274.9,274.9,261.6,263.1,932400
05-08-10,262.1,263.7,257,258.6,524200
08-08-10,263,263,255.1,256.9,448000
09-08-10,255.1,258,252,253.2,428000
10-08-10,253.1,260,253,258.6,377200
11-08-10,258,262,257,257.4,298000
12-08-10,254,260,254,258.7,258800
16-08-10,255.1,263,255,259.4,442400
17-08-10,263,266.8,263,264.7,474800
18-08-10,266.5,275,265.3,270.2,1071200
19-08-10,274,274,265,265.6,506800
22-08-10,269.9,270,264.2,266.4,424800
23-08-10,266,266,261.5,262.5,465200
24-08-10,263,265,259.1,260,444000
25-08-10,256,262.8,255,258.7,319600
26-08-10,260,262,257,257.8,258600
29-08-10,257,259.7,255.1,256.2,265000
30-08-10,259.3,259.8,254.5,255.1,348600
31-08-10,255,257,253.5,255.5,350200
02-09-10,258.9,262.5,255,259.6,359200
05-09-10,260,263,257.7,258,281400
06-09-10,260,260,254,255.6,342400
08-09-10,256,257,251.9,252.5,362400
13-09-10,251,253,248.5,250.7,230400
14-09-10,252,256.9,251.1,253.3,270200
15-09-10,254,254.9,249.6,250.2,309800
16-09-10,250.8,251.7,246,247.6,335200
19-09-10,250,250,242.5,245.5,383200
20-09-10,247.6,249,243.1,246.3,385000
21-09-10,248,250.8,245.3,248,285600
22-09-10,247.5,248.5,246.7,246.9,351400
23-09-10,247.5,247.8,245.8,246.5,359400
26-09-10,250,250,241.1,243.2,574800
27-09-10,245,245.4,238.1,239.8,688400
28-09-10,243.9,244,240.2,241.8,328800
29-09-10,241,241.8,238,238.3,349800
30-09-10,238,242.5,236.5,239.4,571400
03-10-10,238.1,255,238,250,847000
04-10-10,260,265,253.3,263.6,1338600
05-10-10,265,269,256,258.7,821000
06-10-10,259,263,257.1,259,637800
07-10-10,260,262.5,253.6,255.6,578400
10-10-10,254.5,255,245.3,246.9,386200
11-10-10,250,258,245,257,369600
12-10-10,260,265,257.2,262.8,1261600
13-10-10,265,268,260.1,260.9,917400
14-10-10,260.9,264.7,255.5,257.4,405600
18-10-10,260,260.9,251.1,252.2,373800
19-10-10,255,255,249.5,251.8,351000
20-10-10,250.1,253.5,247,247.9,455000
21-10-10,247.2,250,244.2,246.7,723600
24-10-10,247.3,265,247.3,249.5,706200
25-10-10,254,254,242,244.2,621600
26-10-10,242,246,241,241.8,644000
27-10-10,240,243,238,240,653600
28-10-10,237,246.8,237,239.7,927400
31-10-10,235,238.9,225,231.9,1971200
01-11-10,231.1,239,228.5,236.6,730000
03-11-10,233,235,228.9,229.8,669200
04-11-10,234,234,222.2,224,744600
07-11-10,227.9,227.9,214.7,217.6,1036200
08-11-10,217,217,209.7,210.6,1961600
09-11-10,211.5,223,211.5,222.3,1028200
10-11-10,223.8,227.8,219.1,220.5,1275400
11-11-10,225,236.8,222.2,233.1,1764800
14-11-10,237.9,239.7,232.1,235.6,767200
15-11-10,237,247,236,245.1,932600
21-11-10,247.8,250,245.1,245.7,900000
22-11-10,245,247.9,240,240.7,648400
23-11-10,240,241.9,235,236.3,573000
24-11-10,239.9,243.5,235,235.6,742600
25-11-10,237.1,237.9,234.2,235.3,456400
28-11-10,235,235,229,230,756800
29-11-10,230,232.9,223.5,225.3,774000
30-11-10,230,239,228,234.7,751200
01-12-10,235,237.3,229.8,234.8,896600
02-12-10,236,236,230.5,231.4,638000
05-12-10,234,234,225,227.6,543800
06-12-10,229.8,229.8,225,226,626200
07-12-10,225.3,228.9,221.6,223,548600
08-12-10,224,227,217.5,222.7,497400
09-12-10,226,226,221,223.8,512800
12-12-10,224.3,226,216.5,218,789800
13-12-10,221.9,225,217.2,221.6,1006600
14-12-10,223,223.5,218.3,219.8,620600
15-12-10,220,222.5,218.1,218.6,537800
19-12-10,220,220.4,211.3,212.6,590400
20-12-10,230,249.8,230,249.8,4481200
21-12-10,270,289,265,284.3,7492600
22-12-10,286,292,265.1,269.9,2794800
23-12-10,270,271,260.2,263.8,2150800
26-12-10,265,265,248,249.7,1696800
27-12-10,250,262.8,247,258.4,1644200
28-12-10,264,264,250.6,251.9,1074400
29-12-10,251.1,254,246.4,247.4,935600
30-12-10,246.1,251.7,244.3,245.8,892400
02-01-11,248.9,254.5,245.1,247.8,635600
03-01-11,249.8,249.8,240.2,242.2,797000
04-01-11,242,243,236,236.5,508200
05-01-11,239,239,232.5,234.4,584200
06-01-11,237,238,227,228,613600
09-01-11,234,237,223.6,232.2,1724200
10-01-11,234.5,238,215,215.2,633000
11-01-11,228,252.8,228,252.2,2511400
12-01-11,255.5,259,237.1,239,1613600
13-01-11,237.2,241,233.6,234.8,871200
16-01-11,235,236.5,224.6,232.9,1689600
17-01-11,233.5,236,228.1,232.1,958800
18-01-11,229.1,232.9,228.5,228.7,528000
19-01-11,236.5,236.5,221.2,222.2,513400
20-01-11,221,221,205,207.9,141600
25-01-11,215,226,215,226,314800
26-01-11,234,237,229.3,235.5,1459200
27-01-11,238.9,238.9,226.2,227.1,1222600
30-01-11,229,229.1,224.1,225.8,1121200
31-01-11,228.9,240,225.7,237.3,3091400
01-02-11,239,242,227.6,229.5,1789200
02-02-11,232,232,227.5,228.3,710400
03-02-11,229,231,222.1,224.2,1382200
06-02-11,228,229,211.6,213,1368800
07-02-11,218.5,225.1,206.1,209.7,1308200
08-02-11,210,222,205,219.1,1193200
09-02-11,224,224.7,209,210.8,844600
10-02-11,211,212,204,206.3,967800
13-02-11,204.8,205,188.4,190.1,1107800
14-02-11,188.3,188.3,172.6,172.6,1215600
15-02-11,170,187.9,170,185.5,1372200
23-02-11,174.5,178.9,171.1,172.2,592400
24-02-11,173.8,173.8,161,162.2,690200
27-02-11,152,163,148.2,149.8,903400
28-02-11,147,149,136.2,139.9,986600
01-03-11,148,153.8,147.7,153.8,610800
02-03-11,159.5,162.9,143.3,144.4,1174000
03-03-11,148,154.1,142.1,152.1,720000
06-03-11,154.9,160,151.2,158.3,729400
07-03-11,160,169.9,158,167.2,1321000
08-03-11,169,177.9,165,175.5,1224200
09-03-11,175,184.8,173.3,182.7,1346400
10-03-11,185,192,182,189.2,1462600
13-03-11,191,191,171.7,172.1,1429000
14-03-11,176,185,174.2,184.2,1040000
15-03-11,188,188,175.5,176.8,1054000
16-03-11,180.9,181,175.3,178.1,867000
20-03-11,181.9,182,176.6,178.3,799600
21-03-11,180,181.7,174,174.8,800400
22-03-11,172,175.8,170.7,171.7,619200
23-03-11,173.9,175.8,168,169.5,529400
24-03-11,168.1,170.4,163.2,163.8,615600
27-03-11,165,169,162,163.3,475200
28-03-11,164.5,169.5,163.3,168.3,359800
29-03-11,171.4,172.8,165,165.5,502000
30-03-11,167,168.6,164.5,166.8,430000
31-03-11,169,174.9,166.7,173.9,1068800
03-04-11,175,177,170,170.4,652600
04-04-11,170,173,168,170.1,699000
05-04-11,172.8,173.4,167.3,168.7,806600
06-04-11,169.4,170,167.5,168.5,376600
07-04-11,168.1,175.5,168,175.1,1444000
10-04-11,174.9,174.9,170,170.4,806600
11-04-11,171,171.5,165,166.4,628800
12-04-11,165,169.4,162.6,168.8,729800
13-04-11,170.9,172,168.5,170.4,1000200
17-04-11,171,173.9,168.7,169.5,616600
18-04-11,170.1,171,167,167.7,502000
19-04-11,172,172,165.6,166,464400
20-04-11,168.9,168.9,162.2,162.9,652200
21-04-11,164,165.5,162.6,163.1,302400
24-04-11,165.9,166,159.6,160.3,459400
25-04-11,160,160.8,151.5,153.1,563800
26-04-11,155,158.5,151.8,154,503600
27-04-11,153.5,159.9,152.1,158.8,324000
28-04-11,160,162.7,157,157.2,499800
02-05-11,155.9,158.8,154,155.1,396200
03-05-11,155,157,152.5,153,325400
04-05-11,156.7,157,153,155.2,382000
05-05-11,157.6,159,153.7,154.2,317600
08-05-11,153.3,153.7,146,146.8,493800
09-05-11,148.9,150.9,143.5,149.4,593400
10-05-11,151.2,151.5,145.5,146.2,248400
11-05-11,145.5,147.2,144.3,145.8,331800
12-05-11,144.7,149.7,144,148.5,281800
15-05-11,152,153.1,149,151.5,370200
16-05-11,153,153.8,150.5,151.6,400800
18-05-11,152.6,152.6,149,151.6,368000
19-05-11,150.5,151.8,148,148.7,242000
22-05-11,146.6,147.9,143.9,144,273800
23-05-11,144.1,146.3,140.5,140.8,265600
24-05-11,144,144.5,141,142.5,181800
25-05-11,142.5,142.8,138,139.1,308200
26-05-11,142.7,143.2,138.5,142.7,322000
29-05-11,144,146.7,142.7,145.5,279600
30-05-11,146,148,144.5,147.7,285200
31-05-11,148.8,152.5,146.9,148.5,778400
01-06-11,148.1,149.8,145.2,145.9,310400
02-06-11,148.3,148.3,145.3,147.6,179400
05-06-11,148.9,149,146.3,147.4,254000
06-06-11,147.5,147.5,145.3,146.5,256800
07-06-11,147.9,149.6,147,147.5,526800
08-06-11,148,148.8,145.9,146.8,616000
09-06-11,147.2,148.5,146.5,147.6,568400
12-06-11,148.8,148.8,140,140.3,503800
13-06-11,139.7,145,139,144.4,413200
14-06-11,145,147,141,141.6,464000
15-06-11,141.1,143,140.1,141.3,498800
16-06-11,142.9,142.9,140,140.9,493200
19-06-11,142.9,142.9,138.5,139.1,314600
20-06-11,140,141.3,137.9,140.3,333400
21-06-11,141,143.9,140.4,140.6,402000
22-06-11,143,143,141.5,141.8,348000
23-06-11,141.5,145.6,141.5,144.9,797800
26-06-11,145.7,152.5,145.7,150.5,1547800
27-06-11,151,152.9,148.5,150.9,766200
28-06-11,151.9,156,150.2,154.5,992600
29-06-11,155,159,154.3,154.8,1088000
30-06-11,156.8,165,154.2,163.9,2375200
03-07-11,166,168.7,165,167.1,1020800
04-07-11,167.8,167.8,161.8,162.1,938800
05-07-11,161.1,163.7,160.4,163.2,729600
06-07-11,163.8,165.3,162.7,164,1085000
07-07-11,165.1,169.3,165,167.9,1545000
10-07-11,171,175.5,170,175.2,1757800
11-07-11,177,177.1,174,174.4,1179200
12-07-11,175.3,175.5,172.8,174,1035800
13-07-11,173,180.9,172.6,179.3,1772200
14-07-11,183,184.5,179.4,180.1,1224000
17-07-11,177.1,179.7,175.1,177.1,1169200
19-07-11,180,198.5,180,195,3880400
20-07-11,196.7,202.9,194.3,198.9,2558400
21-07-11,203,216.4,203,215.8,3546800
24-07-11,219,219,210,211.8,3729000
25-07-11,214,214,205,205.6,2455800
26-07-11,205.1,209.7,203.5,205.5,2334400
27-07-11,206.9,208.1,203,206.1,2992600
31-07-11,197,200,188.3,189.6,2759600
01-08-11,188.6,193.4,180.1,181.6,1417400
02-08-11,183,185.5,175.5,176.7,1081200
03-08-11,176.3,186,176.3,184.7,963800
04-08-11,184.5,186.9,177,178.5,994200
07-08-11,175,176.3,171.1,174,812600
08-08-11,178.5,181.6,176.6,177.7,559200
09-08-11,179.8,179.9,173.5,175.1,783600
10-08-11,176.2,186.2,175.4,184.7,1680200
11-08-11,186.9,189,184.2,185.8,1191600
14-08-11,187.8,188,182.2,183.6,646800
16-08-11,185,185,180.1,181.1,619000
17-08-11,180.1,180.1,176.7,178,487400
18-08-11,180,183,179.5,180.7,484600
21-08-11,182.4,182.5,176.5,177.6,416000
23-08-11,178,180.3,175,179,457200
24-08-11,179.1,179.2,174.8,177,545600
25-08-11,178.8,181,177.5,179.7,724200
04-09-11,180.4,182.5,177.5,177.8,291200
05-09-11,178.1,178.7,174.5,175.1,451800
06-09-11,177.9,177.9,171.2,171.8,355400
07-09-11,172.1,173.9,170.2,173.1,275600
08-09-11,174.7,175,171.8,172.3,295000
11-09-11,172.3,174.3,169.2,169.5,334400
12-09-11,170,170,164.7,166.7,577200
13-09-11,169.6,171.5,165.4,171,666200
14-09-11,173,173,166.3,168.1,597400
15-09-11,168.1,169.3,166.2,166.9,519200
18-09-11,167.5,168.1,160.8,161.4,549800
19-09-11,163.2,165.8,159.8,163.5,462400
20-09-11,166.5,166.8,160,161.7,458400
21-09-11,160.6,161.5,155.8,157,602800
22-09-11,159.9,159.9,154.2,157.7,489400
25-09-11,160,163.6,157.7,162.7,337800
26-09-11,165.8,169.5,163.2,168.4,802400
27-09-11,169,169.1,163.5,164.9,633000
28-09-11,164.5,166.6,161.8,163,458400
29-09-11,163.4,165.5,163,163.6,478400
02-10-11,165,166,163.3,164.1,392600
03-10-11,164.2,164.3,159.2,159.8,336600
04-10-11,159,159,155.7,157.1,393400
05-10-11,156.2,157,151.8,153.4,978800
09-10-11,153.4,156,147,147.7,483400
10-10-11,148,149.7,146.2,147.9,687400
11-10-11,147,147,140,141.3,744800
12-10-11,141,144.8,138.3,143.2,528400
13-10-11,144.9,151.5,144.9,147.1,462200
16-10-11,148,149,142.8,143.5,328000
17-10-11,143,146.7,142.1,143.7,353800
18-10-11,145.8,145.8,140.5,141.2,390000
19-10-11,140.3,140.9,135.8,139.9,428400
20-10-11,144,145.5,141.8,144.5,412200
23-10-11,145,158.9,145,155.6,1605600
24-10-11,154.2,158,153.1,154.8,898800
25-10-11,153.3,167.9,153.2,167,1732400
26-10-11,165.2,165.9,160,160.8,1399400
27-10-11,162.9,165,159.1,162.8,1068800
30-10-11,163.9,163.9,154.8,155.2,864800
31-10-11,154.1,163,153.6,159.3,1176600
01-11-11,163,165,160.5,164.5,704000
02-11-11,165.5,166.7,162.3,163,720400
03-11-11,163.9,163.9,161,162.9,523600
13-11-11,165,165,158.8,159.2,478600
14-11-11,158.1,158.1,151,155.7,761400
15-11-11,156,156.6,146.5,147.3,786200
16-11-11,152.5,162,152.5,161.7,892400
17-11-11,164.9,166.8,162.1,162.9,1066800
20-11-11,165,167.4,162,166.6,855800
21-11-11,167,167,163,164.3,1279875
22-11-11,166.8,174,165.3,172.5,1767000
23-11-11,175,178,162,163.7,1510000
24-11-11,168.7,169,162.5,166.3,969000
27-11-11,167.8,168.8,156.7,157.7,942400
28-11-11,155.6,164.6,154.7,162.2,601600
29-11-11,164.9,166,159.5,160,627400
30-11-11,160,164.6,158,164.2,408200
01-12-11,165,166.2,161,161.6,492477
04-12-11,161.1,161.8,159.1,160,277600
05-12-11,160.2,160.3,156.9,157.7,370000
07-12-11,156.6,159.9,155.2,158.7,351800
08-12-11,160.4,160.9,155.1,155.4,346200
11-12-11,155,155.4,153.3,154.3,358800
12-12-11,155.8,157.3,153.5,154.4,301000
13-12-11,155,158.9,154.8,158.2,351400
14-12-11,160.9,161.7,155,155.8,504600
15-12-11,157.4,159.3,156.2,156.7,226600
18-12-11,156.2,157.5,155,155.3,354800
19-12-11,156,157.9,155.4,155.7,408400
20-12-11,157,158.5,156,156.9,240600
21-12-11,156.7,162.4,156.6,161.8,895800
22-12-11,163.5,163.9,161.8,162.8,610400
26-12-11,162,163.9,160.4,160.8,522800
27-12-11,162,163.2,161.3,162.6,546400
28-12-11,163.4,165,162,162.1,476800
29-12-11,163.9,163.9,162.5,163.5,736200
01-01-12,164.4,172,163.9,171.1,1338800
02-01-12,172.4,176,172,173.8,1421000
03-01-12,174.9,176,173.5,174.1,1023600
04-01-12,175,178.7,173.5,177.3,1572800
05-01-12,178,178.5,175.9,176.7,1004200
08-01-12,176,182,176,180.4,1433800
09-01-12,180.9,181.6,174.8,175.6,1539000
10-01-12,176,178.4,171.6,172.5,1194800
11-01-12,173.8,178,172,176.5,931800
12-01-12,178.5,179,174.3,174.7,756400
15-01-12,174,175,171.9,172.3,642600
16-01-12,171.9,171.9,165.7,166.5,823000
18-01-12,171.9,171.9,159,163.6,643600
19-01-12,166.9,168.9,165,168.1,915400
22-01-12,170.5,170.5,162,163,681400
23-01-12,163.1,163.9,158.2,161,733000
24-01-12,162.6,163.2,156.4,157,607800
25-01-12,155.4,160.5,150,158.9,736400
26-01-12,160.9,162,156.5,157.7,448400
29-01-12,160,160,149.8,150.4,910000
30-01-12,150.2,160.5,149.1,157.5,664000
31-01-12,161,161.9,153.8,155.5,724000
01-02-12,152.2,153.2,150.5,151.1,955000
02-02-12,153,155.9,150.7,154,669000
06-02-12,157,157.7,151.1,152.1,1014000
07-02-12,155.2,163,153,161.7,1149800
08-02-12,153,153,144.8,147.1,1896000
09-02-12,147,154,145.6,153.1,1134000
12-02-12,153,156.5,151.7,154.4,829200
13-02-12,154.3,156.2,152.3,154.2,1456000
14-02-12,158,158.8,154.4,154.9,759400
15-02-12,153.6,155,152.8,153.9,621600
16-02-12,153.6,155,152.2,153.3,1063200
20-02-12,149,150,147.2,147.4,1453000
22-02-12,148.5,148.9,147,148.2,585800
23-02-12,149,153.4,149,152.4,758200
26-02-12,153.3,156.2,153.3,155.6,1039704
27-02-12,156.4,156.9,153,154.4,856600
28-02-12,155.1,156,154.3,155.8,907200
29-02-12,155.2,160.8,154.6,160.1,1384800
01-03-12,160.9,161.8,156.2,156.5,504000
04-03-12,157,157,155.5,156.2,420400
05-03-12,157.8,157.8,151,151.4,683200
06-03-12,150.4,154,150.2,153.4,356600
07-03-12,153.4,153.4,151.1,151.4,256000
08-03-12,152,155.3,150.7,154.8,510000
11-03-12,154,155.5,153.7,155,358800
12-03-12,155.9,156.3,154.3,155.8,403400
13-03-12,156.9,159.3,156,158.6,557600
14-03-12,159,161.3,157.6,160.6,1266800
15-03-12,161.8,165.8,161,164.1,1130200
18-03-12,165.8,171.9,165.8,170.1,1076400
19-03-12,170.5,175,168.3,174.7,1151200
20-03-12,175,176.5,172.3,172.8,1012200
21-03-12,172.5,175.3,171.7,172.4,1531400
22-03-12,172,179.4,172,178.9,1283600
25-03-12,179.8,186.6,179.8,184.3,1405600
27-03-12,185.6,185.8,181.6,184.3,1584000
28-03-12,185,194,184.2,193.4,2068400
29-03-12,194.4,196,189.3,191.7,2815000
01-04-12,191,197.9,191,196,1525600
02-04-12,198,199.3,192.3,192.8,839400
03-04-12,194,195,187.1,189,1091600
04-04-12,190.9,191,185,185.5,916400
05-04-12,187,192.4,183.6,190.8,1041400
08-04-12,192.9,195.4,192,194.2,1342000
09-04-12,195.5,196.8,190,195.9,1530800
10-04-12,196.9,205.9,196.9,202.6,3771200
11-04-12,204.5,209.7,204.5,208.7,2006000
12-04-12,209.9,218,209.5,216.7,2389000
15-04-12,219.7,221.5,214.4,216.1,2312400
16-04-12,216,217.8,209,212.1,2373800
17-04-12,213,214.8,209.6,211.3,2045800
18-04-12,214,221.9,213,217.9,2048400
19-04-12,220,220.5,212.3,214,1489800
22-04-12,214.1,217.3,212.7,214.9,1074600
23-04-12,216.1,223.7,216.1,221.5,2384400
24-04-12,224,228,222.2,223.3,2565600
25-04-12,224.9,226.3,219.9,221.2,1999600
26-04-12,222,224.4,219.4,220.2,1709800
29-04-12,220.2,220.2,212.2,213.2,1381800
30-04-12,213,217.8,212.3,214.7,938000
02-05-12,217.8,220.9,216.7,219.6,1117800
03-05-12,220.5,222.4,215.5,216.5,878400
07-05-12,219.9,222,212,214.1,1206200
08-05-12,216,216,208.7,209.4,925400
09-05-12,209,212,198.5,200.4,1020800
10-05-12,198.2,210.8,198.2,208.6,1035000
13-05-12,211,213.7,204.3,205.2,589200
14-05-12,206.9,209.6,204,208.5,355530
15-05-12,203,209,203,205.7,444800
16-05-12,204.3,209.5,204.3,205.8,506600
17-05-12,205.1,207.7,204.9,206.9,292000
20-05-12,206.4,209,206.4,207.2,383400
21-05-12,207,213.9,206.9,208.1,714000
22-05-12,210,210.6,205.2,206.9,594000
23-05-12,205.6,206,200.9,205.2,725800
24-05-12,205,207.5,204,204.6,277800
27-05-12,204,204.4,201.6,201.9,364800
28-05-12,201,204,199.8,200.4,441200
29-05-12,202,202.6,196.2,201.1,555000
30-05-12,203.7,203.8,201.2,202.9,383800
31-05-12,204,207.2,203,206.4,493400
03-06-12,207,210.9,207,210.2,484400
04-06-12,211.9,212.9,203.2,203.6,720000
05-06-12,203.3,206.8,203.3,205.9,397800
06-06-12,208,209,205.9,207.1,478210
07-06-12,208.4,210.3,206.1,206.9,593800
10-06-12,208.5,208.5,204,204.4,244543
11-06-12,204.5,205,201.6,203.4,423600
12-06-12,202.9,203.9,200.2,203,293400
13-06-12,205,206.5,202.9,203.3,238200
14-06-12,200.5,203.8,200.5,202.4,214800
17-06-12,201.5,202.8,198.5,200.1,431200
18-06-12,198.1,199.8,196.5,198.8,352400
19-06-12,198.8,202,198.5,199.7,313200
20-06-12,202,202,196.6,197,369000
21-06-12,199,200.4,196.7,197.9,253600
24-06-12,202.1,204.9,196.3,197.9,292200
25-06-12,196,201.5,195,200,599200
26-06-12,201,206.4,199.9,204.3,497800
27-06-12,203,207.8,203,206.9,1131400
28-06-12,205.1,209.4,205.1,208.8,1305400
02-07-12,209.9,209.9,203.9,204.4,418600
03-07-12,202.2,204.8,201.1,203.8,325800
04-07-12,203.3,204.5,199.9,200.7,391400
05-07-12,203.9,203.9,198.7,201.8,403600
08-07-12,203,204,200.2,200.7,295200
09-07-12,200,200,194.5,197.9,632000
10-07-12,196.9,197,192.3,192.7,565600
11-07-12,191.2,196.9,186,194.6,670200
12-07-12,197.9,200.9,194.6,198.9,544000
15-07-12,200.9,200.9,192.1,193.3,482800
16-07-12,192.5,193,189,192.1,270200
17-07-12,192,195.6,192,194.4,412400
18-07-12,196.9,202,196.1,201.1,584200
19-07-12,202.5,204.6,197.9,201,738600
22-07-12,201.6,204.2,104.8,199.4,894000
23-07-12,200.4,204,199.6,203.5,685600
24-07-12,205.9,208.5,205.8,208,685600
25-07-12,209.9,209.9,204.9,205.5,896000
26-07-12,205.4,208.3,205.4,207.9,682400
29-07-12,208,208,205,205.4,664200
30-07-12,204,205.8,203.4,204.8,908400
02-08-12,195,195.9,192,193.1,991800
05-08-12,193,193,188.2,189.1,618400
06-08-12,188.5,191,188.4,189.2,557200
07-08-12,191,192,189.3,189.8,399000
08-08-12,190,190.9,186.3,189,773200
12-08-12,189.1,194.8,189.1,192.6,600800
13-08-12,192.6,193.6,190.8,191.8,327000
14-08-12,190.9,192.3,189,189.7,451800
26-08-12,189,189.1,183,187.2,948400
27-08-12,188,188.9,181,182.3,809600
28-08-12,180.3,184.4,172.2,172.7,1186600
29-08-12,173,187,172,185.3,865000
30-08-12,188.9,189,179,180.3,642400
02-09-12,183.8,183.8,177.8,178.4,310800
03-09-12,179.1,180.5,177,179.4,475000
04-09-12,180.9,181,176,176.8,613800
05-09-12,176,177,173.5,173.7,676600
06-09-12,173.2,175,172.2,173.4,432400
09-09-12,173.5,177.9,172.3,176.4,536600
10-09-12,178,179.6,172.6,172.9,824600
11-09-12,175,175,170.2,171.9,1101000
12-09-12,174,174,169.7,170.1,714200
13-09-12,170,170.7,166.5,167.5,972600
16-09-12,167,172,165,170.8,1198400
17-09-12,174,174.5,171,172.7,574200
18-09-12,174.9,179.5,173.6,178.3,1040000
19-09-12,179.9,179.9,174.8,175.5,731600
20-09-12,171.8,176,171,171.4,870800
23-09-12,174.9,175.7,172.5,173.5,838200
24-09-12,171.5,176.5,171.5,173.2,699400
25-09-12,174,174,171.5,171.6,420000
26-09-12,170.5,172.3,170.2,170.5,594600
27-09-12,170,170.9,165,167.8,403400
30-09-12,170,170,166.1,166.3,364400
01-10-12,175.1,175.1,166.3,167.4,312800
01-10-12,175.1,175.1,166.3,167.4,312800
02-10-12,169,170,166.7,167.3,468600
03-10-12,170,170.2,167.8,168.3,394000
04-10-12,168.4,169.8,168.2,168.3,383800
07-10-12,167,171.1,166.9,167.6,357000
08-10-12,167.9,168.5,165.7,166.3,267000
09-10-12,167,168.7,166.1,166.4,219600
10-10-12,168,168,163,163.6,279400
11-10-12,167,167,163.1,163.6,251800
14-10-12,162.1,165.7,161,162.5,225800
15-10-12,164.4,164.5,160.2,162.5,261200
16-10-12,163,163.3,161.5,162.5,140200
17-10-12,162.5,162.8,161,161.9,265600
18-10-12,160.1,163.9,158.4,161.9,369800
21-10-12,162,162.9,160.8,161.6,134400
22-10-12,160.4,167,160.4,165,339800
23-10-12,164.4,173,164.4,172.2,610600
30-10-12,172.2,178.4,171.7,177.3,708400
31-10-12,177,177.9,174,174.8,736800
01-11-12,174,176.8,173.6,174.2,288400
04-11-12,173.2,173.5,168,168.7,189000
05-11-12,168.1,169.8,165.6,168.3,147600
06-11-12,167.2,171,167.2,168.4,138400
07-11-12,167.4,169.2,167,167.2,132600
08-11-12,167.2,170.8,167,169.5,249400
11-11-12,169.7,169.7,165.8,167.8,296400
12-11-12,166.2,168.9,165.1,167.2,183000
13-11-12,168.5,169,165.9,167.5,170400
14-11-12,169,171.5,167.1,169.7,390000
15-11-12,170,178.5,170,177.9,1279800
18-11-12,179,182.5,177,178.2,734000
19-11-12,175,176.5,171.4,172.1,405800
20-11-12,170,172.3,167.7,168.2,394200
21-11-12,168.5,171.8,168.3,169.2,298200
22-11-12,170,171,168.8,169.1,165400
26-11-12,168.7,169.7,166.1,167,213000
27-11-12,165.7,168,165.7,166.4,172200
28-11-12,167.2,168.7,164.2,165.8,247000
29-11-12,169.8,172.4,166.6,170.9,376800
02-12-12,173,174,168.5,170,297200
03-12-12,169,170,167.5,168.1,120600
04-12-12,168,168.4,166.6,167,170000
05-12-12,167.5,169.6,166.8,167.4,131000
06-12-12,167.1,169,166.3,167.6,204800
09-12-12,167,167.9,166.4,166.9,182600
10-12-12,166.5,167.5,166.3,166.4,168400
11-12-12,166,167.5,166,166.6,136600
12-12-12,167.5,168.1,166,166.2,175400
13-12-12,165.6,167,165.4,166.5,193800
17-12-12,168,168.5,167,167.9,196800
18-12-12,167.3,168.8,166.8,167.1,145400
19-12-12,167.9,168.4,167,167.2,182800
20-12-12,168.1,173,167.8,169.9,500400
23-12-12,171.3,171.8,169,169.9,287400
24-12-12,170.4,172,169.2,171.5,312000
26-12-12,172.2,175,172.2,174,441800
27-12-12,175,175.7,173,174.8,409600
30-12-12,175.9,175.9,174.5,175,415200
01-01-13,174.9,175,172,172.6,171800
02-01-13,172.1,172.5,170.3,170.5,159000
03-01-13,171.6,172,169.3,171.6,127000
06-01-13,171.7,172.8,170.9,172.4,114000
07-01-13,171.8,172.8,170.7,171.6,148200
08-01-13,171.5,172.2,171.1,171.4,100800
09-01-13,172,172,170.1,170.9,180400
10-01-13,171.5,171.5,170.3,170.6,143400
13-01-13,171.3,171.3,169.9,170,130800
14-01-13,170.1,170.5,169.7,170.1,111400
15-01-13,169.6,170.3,168.9,170,108200
16-01-13,170,170.4,169.5,169.6,103400
17-01-13,170,170.6,170,170.4,189200
20-01-13,169.5,170.5,169.5,169.5,78200
21-01-13,170.5,170.5,168.5,168.9,67000
22-01-13,169.9,169.9,168.8,169.1,113800
23-01-13,169.1,170.4,168,168.1,209600
24-01-13,168.7,168.9,166.9,167.9,283400
27-01-13,168,169.2,168,168.4,91000
28-01-13,168.3,168.4,167.7,168,202800
29-01-13,168.2,169.2,168.2,168.6,357000
30-01-13,168.9,171.1,168.1,168.4,323600
31-01-13,169.9,169.9,168,168.2,270200
03-02-13,168.4,170.9,168.4,169.5,271200
04-02-13,171,172.5,169.5,171.5,852600
05-02-13,173,175.1,171.8,174.9,658600
06-02-13,176,176.1,172.5,172.8,433800
07-02-13,171.9,172.4,169.7,170.1,510800
10-02-13,170.9,170.9,167.1,168.3,531200
11-02-13,168,168,163.5,165.9,575600
12-02-13,164.2,166.7,164.2,165.1,260800
13-02-13,165.1,168.4,165,166.6,377600
14-02-13,167.9,168.3,166.3,167.9,294000
17-02-13,167.7,168.9,166.2,166.6,190600
18-02-13,166,166.8,165.4,166.2,227000
19-02-13,165.5,166,163.3,163.4,430000
24-02-13,153.1,159,153,153.5,374200
25-02-13,154.8,155,150.2,150.6,237600
26-02-13,151.9,152,149.7,151.4,149000
27-02-13,151.5,151.5,146.1,146.7,225000
28-02-13,147,148.4,146.1,147.1,137200
03-03-13,144.3,145.5,140,141,202200
04-03-13,144.1,149.8,142,148.2,161200
05-03-13,149.5,149.5,145.1,145.6,104600
06-03-13,144,148,144,145.3,118800
07-03-13,142.7,144.9,142.3,143.7,88200
10-03-13,145,145.2,142,142.5,96400
11-03-13,140,142.8,138.1,141.3,192200
12-03-13,140.3,145.7,140.3,144.1,139800
13-03-13,146,147,145.3,145.9,138800
14-03-13,146,146.2,144.2,145.9,144800
18-03-13,142.5,146.4,142.5,144.8,125400
19-03-13,145.1,147.6,145.1,147.1,100200
20-03-13,145,147.5,145,145.6,99800
24-03-13,146,146.1,145.2,145.3,145200
25-03-13,145,145.9,143.7,144.4,100800
27-03-13,144.9,144.9,142.3,144,181400
28-03-13,144,147.5,143.7,147.1,180400
31-03-13,147.5,147.6,145.1,146.9,158800
01-04-13,146.2,146.8,145.3,146.2,228000
02-04-13,146.3,149.1,146,148.7,276000
03-04-13,149,149.8,147.8,148.6,164200
04-04-13,146.2,148,146.2,147.4,125400
07-04-13,146.5,148,145.8,147,140400
08-04-13,146.3,146.7,145.3,145.9,120200
09-04-13,146.4,147.8,145.7,146.5,129400
10-04-13,149,149,145.1,145.7,148400
11-04-13,146.5,146.6,145.6,145.8,117800
15-04-13,147,147.4,146,146.7,125200
16-04-13,147,147,144.1,144.7,115800
17-04-13,145,145.3,144.2,144.6,119000
18-04-13,144.5,145.5,144.4,145.1,72000
21-04-13,145.1,146.4,144.5,144.9,91600
22-04-13,144.4,145,144,144.4,84800
23-04-13,144.1,145.7,144,145.2,113800
24-04-13,144.8,145.9,144.3,145.5,85600
25-04-13,144.5,146,144.5,145.2,123200
28-04-13,144.2,144.2,143.1,143.7,62200
29-04-13,144.5,144.9,143.2,144.2,123800
30-04-13,144.5,144.5,143,143.8,138800
02-05-13,144,147.4,143.7,146.6,211400
05-05-13,145.5,146.6,145.3,146,96000
06-05-13,146,146.6,145.5,145.9,102800
07-05-13,146,147.6,145,147.3,192000
08-05-13,146.3,147.8,146.3,147.2,124800
09-05-13,147,149,146,148.3,126200
12-05-13,147,152,147,149.7,153200
13-05-13,150,159.8,149.6,158.2,370200
14-05-13,160,160.2,156.5,157.4,225400
15-05-13,156.2,157.9,154,154.7,167200
16-05-13,155.6,162,155.6,161.8,358800
19-05-13,163,166.3,163,165.6,340800
20-05-13,165,167.7,163.5,166.2,396800
21-05-13,165.3,170.3,165.3,169.9,430600
22-05-13,169.7,169.9,167.5,167.8,298200
26-05-13,167.9,168.5,163.6,163.7,233800
27-05-13,165,168.3,164.8,166.8,261000
28-05-13,168,169.4,167,168.1,216800
29-05-13,169,174.5,169,173.9,875200
30-05-13,174.5,175.5,173.4,173.7,267600
02-06-13,174.9,175.6,173.1,173.9,262600
03-06-13,174.7,179.2,174.7,178.7,598000
04-06-13,178.5,179.9,175.1,177.7,302000
05-06-13,178.9,185.9,175.1,185.1,893400
06-06-13,187,190.3,184.4,187.8,1383000
09-06-13,182.3,184.9,175.7,176.5,754800
10-06-13,179,183.4,177.3,182.2,460400
11-06-13,185,187.8,180,182.5,564400
12-06-13,181.2,183.9,177.6,178.1,355400
13-06-13,179.9,179.9,175.5,176,265000
16-06-13,178.4,180.4,178.1,178.8,346400
17-06-13,180,181,177.5,177.8,382400
18-06-13,178,178.9,175,175.7,329600
19-06-13,176,178.6,176,177.4,296400
20-06-13,179.5,180.5,176.7,177.6,329000
23-06-13,179.5,192.4,179,189,1779200
24-06-13,190,193.9,187.3,189.6,646000
26-06-13,191.8,195.2,190.1,191.6,1020800
27-06-13,193.7,194,183.5,184,1058400
30-06-13,183,185.5,175.6,178.9,498600
02-07-13,182,186.7,181.6,183.9,629200
03-07-13,182.3,184.4,180.2,180.6,400800
04-07-13,180.6,189.9,180.6,188.1,882200
07-07-13,185.8,189.8,185.5,187.4,556200
09-07-13,192,204.4,192,203.5,3496800
10-07-13,210,221.3,210,220.7,4196800
11-07-13,230,232,215,217,1934600
14-07-13,222,222,207.3,211.5,1716000
15-07-13,215,230,213.1,229.9,3958600
16-07-13,234.9,247.2,234.9,238,2974200
17-07-13,242,242,229.9,232.5,2537400
18-07-13,225,225,191.3,193.1,2923800
21-07-13,190.1,198,180,183,1502200
22-07-13,185,185.7,179,180.9,1020600
23-07-13,182,182.8,174.5,175,1212600
24-07-13,173.2,189,173,186.7,780000
25-07-13,189.5,189.5,176.9,178.4,659800
28-07-13,176,178.8,172.5,176.5,754200
30-07-13,172,176.9,170,174.2,1006400
31-07-13,176.8,186.1,175,184.2,1067600
01-08-13,180,187.5,180,183.8,565000
04-08-13,181.1,182,176,179.6,383200
05-08-13,177.3,180,177.3,178.9,409200
12-08-13,178,179.2,176.6,177.9,220600
13-08-13,179.7,182.9,178.1,179.1,408200
14-08-13,170,181.9,166.1,178.2,467200
18-08-13,180.4,187.7,178,185.9,801800
19-08-13,189,193.5,183.1,192.7,1016000
20-08-13,193.1,202.8,193.1,195.9,1526200
21-08-13,198,203.7,194.7,196.1,1154800
22-08-13,197.5,205.8,194.6,203.4,1691000
25-08-13,208,220,208,214.7,2254600
26-08-13,215,218.7,209.3,210.5,1603400
27-08-13,210,216,205.4,209.8,2376000
29-08-13,214,217.5,212.1,213.3,1609000
01-09-13,217,224.6,214.5,221.3,1997800
02-09-13,220.1,223.9,213.9,214.7,1645200
03-09-13,214,221.3,211.5,220.5,2159000
04-09-13,223.9,224,213.1,214.6,1278800
05-09-13,216,219,211,212,913600
08-09-13,214,217.8,209.6,210.9,1380200
09-09-13,212.7,212.7,200,204.3,1620800
10-09-13,207.9,212,203.7,204.5,694800
11-09-13,206,206.9,199.5,200.3,854800
12-09-13,202.3,202.8,195.3,196.3,958200
15-09-13,196.8,206.4,190.4,204.3,785800
16-09-13,209,209,197,198.5,739800
17-09-13,199.9,199.9,194.8,195.3,712600
18-09-13,196,199.8,193.8,194.9,689600
19-09-13,195.5,197.5,194.5,195.1,418800
22-09-13,195.5,196.5,190,190.5,421200
23-09-13,189,193,186.1,186.5,471400
24-09-13,187,194.9,186.1,190.4,368000
25-09-13,189.8,192.1,188,188.6,279600
26-09-13,187,189.8,187,187.4,262000
29-09-13,187.8,188.7,185.6,185.9,275000
30-09-13,185.6,190.9,184.5,189.4,353200
01-10-13,184.9,190.3,184.9,187.7,282400
02-10-13,189.6,189.7,186.6,186.9,179400
03-10-13,188,189,187,187.8,228000
06-10-13,188,188,185.5,185.7,136000
07-10-13,185.1,187,185,185.2,179000
08-10-13,185.2,186.2,178,178.8,207000
09-10-13,177.2,181.5,177,179.2,253800
10-10-13,179.5,182.9,178.2,181.4,202400
20-10-13,179.2,180.5,177,179.5,110200
21-10-13,177.3,182.6,175,181.5,200800
22-10-13,182,182.8,180,181.4,129600
23-10-13,183,186,182.5,183.2,301200
24-10-13,180.5,182.5,177.7,178,320200
27-10-13,185,190.5,184.2,188.9,437800
28-10-13,192,193.9,188.4,189.3,315600
29-10-13,188,189.1,186.2,187.2,175400
30-10-13,188.5,189.9,185.1,185.9,275600
31-10-13,185.5,192.9,185.5,192,486600
03-11-13,190.6,199.9,190.5,197.5,649400
04-11-13,200,201,197,199.1,418000
05-11-13,200,200.2,194.1,194.6,281800
06-11-13,196.8,198.3,194.6,196.5,346600
07-11-13,197,204.7,197,202.4,1122600
10-11-13,202.4,202.4,196,196.8,369800
11-11-13,199.7,199.7,196,196.4,287600
12-11-13,196.5,197.5,194.6,195,543200
13-11-13,197.5,197.5,194.1,194.6,394000
14-11-13,196,197,194.7,195.6,439600
17-11-13,195.1,201.4,195.1,200.5,698400
18-11-13,201,202.6,197.6,199.9,560800
19-11-13,200.1,207,200.1,206.5,1188600
20-11-13,208.5,216.5,207,215.3,1960800
21-11-13,218,218,209,209.9,1158800
24-11-13,209.9,210.9,205.1,206.6,559000
25-11-13,207,209,201.3,202.4,987400
26-11-13,201.2,205.1,199.9,200,900200
27-11-13,200,206.5,200,205.6,460800
28-11-13,205.9,206,201.1,203.2,323600
01-12-13,200.7,202.9,200,200.5,224600
02-12-13,201,204,199.5,201.8,337200
03-12-13,202,205,202,204.8,360800
04-12-13,206,208.1,205.2,207.2,628200
05-12-13,207.9,207.9,204.1,206.4,208800
08-12-13,206,207.5,205.6,207.3,356000
09-12-13,207.2,209.7,204.3,204.7,504600
10-12-13,204.1,206,203,204.6,378000
11-12-13,206.4,207,203.5,204.3,301000
12-12-13,205,205,201.6,202.1,300400
15-12-13,204.7,204.7,201.6,202,199000
17-12-13,202.1,203,200.1,200.2,410600
18-12-13,200.5,201.4,199.9,200.2,259200
19-12-13,201,201.9,198.3,199.9,361200
22-12-13,200,202.4,200,202.1,495400
23-12-13,203,203.5,200.6,200.9,287400
24-12-13,200.1,202,199.6,200.1,228200
26-12-13,199.9,200.8,199.1,199.8,174200
29-12-13,199.2,200,197.5,198.3,93000
30-12-13,199.9,203,199.7,200.9,395600
01-01-14,202,204.1,201.5,202,210400
02-01-14,205,208.1,203,206.3,751200
06-01-14,207.9,207.9,204.6,206.4,194800
07-01-14,202,208.3,198,207.7,377400
08-01-14,208.4,211.5,207.4,210.5,641200
09-01-14,210.8,212.9,207.5,208.7,378800
12-01-14,210.4,211.8,209,209.9,368800
13-01-14,210,211.8,205.7,205.9,493400
15-01-14,205.9,207.3,203.5,204.5,540200
16-01-14,207.9,207.9,205.2,206,217200
19-01-14,208.9,210,206,208.3,468200
20-01-14,210,210.7,206.8,207.1,399000
21-01-14,207.2,208.3,207.1,207.5,467400
22-01-14,207.6,212.8,207.6,208.7,731200
23-01-14,211.3,213,208.8,212.1,778400
26-01-14,214,218.7,214,215.3,809200
27-01-14,217.8,217.8,212.1,213.4,342800
28-01-14,213.8,214.5,210.1,210.9,334200
29-01-14,210,212.7,209.7,211.5,405400
30-01-14,212.2,215.5,211.6,212.3,832000
02-02-14,213,214.5,211,211.4,311800
03-02-14,211.4,213.2,210.5,212.2,516000
04-02-14,211.3,211.9,209.8,210.1,529200
05-02-14,210.6,211.8,205,205.4,817400
06-02-14,205,210.8,205,210,778800
09-02-14,210,211.4,207.2,207.9,610800
10-02-14,208,208.6,205.3,206,733800
11-02-14,200,210.7,199,209.3,992400
12-02-14,209,210.7,207,207.4,441800
13-02-14,207.1,207.9,206.2,207.2,367400
16-02-14,208.4,208.4,205.1,205.6,458600
17-02-14,205.2,205.7,204,204.7,301600
18-02-14,205.5,207.5,204,205.8,549000
19-02-14,206.1,209,206.1,208.3,682000
23-02-14,205,205,202.3,203.4,470400
24-02-14,204,208.5,203.8,207.9,462200
25-02-14,208,214.2,207.8,212.5,1039400
26-02-14,213.8,215.6,209.3,210.4,524800
27-02-14,208,215,208,214,817600
02-03-14,215.9,220.3,215,219.4,1480200
03-03-14,219.7,224,218.5,220.3,1109800
04-03-14,220,220.8,213.4,214.2,679200
05-03-14,214.9,214.9,210.3,213.7,538800
06-03-14,215,216.5,213.6,214.7,522200
09-03-14,215,219.5,214.5,218.3,811200
10-03-14,218,219.5,214,214.4,453800
11-03-14,215.6,215.8,212.5,212.8,379800
12-03-14,213.8,216.6,213.6,214.3,591200
13-03-14,214.7,216.7,214.1,214.6,470800
16-03-14,214.6,215.6,213.1,214.4,297000
18-03-14,214,215,210.7,211.3,522000
19-03-14,210,212,210,211.3,436200
20-03-14,211,213.3,210.6,211.7,348800
23-03-14,211.6,212.4,208.6,209.3,285400
24-03-14,210,210.4,207.5,208,211200
25-03-14,207.3,212.3,207.3,212,459600
27-03-14,214,217,210.7,214.5,418400
30-03-14,213.5,214.5,211.2,211.8,135400
31-03-14,213.5,214.6,211.7,213.8,261200
01-04-14,214.8,217.6,214.7,215.7,639400
02-04-14,217,220.4,215,220,921800
03-04-14,219.8,227,219.8,226.3,1450600
06-04-14,227,232.2,224,230.5,1701400
07-04-14,232,242.2,232,240.7,2629000
08-04-14,243,254.2,241.3,247,2685800
09-04-14,245,250.1,242.2,247.9,1614200
10-04-14,247.9,257,247.5,256,1972800
13-04-14,259,262,257,260.7,864000
15-04-14,262,272,256.1,269.2,2069800
16-04-14,269.9,270,254,255.8,1225800
17-04-14,256,261,252.5,254.6,792200
20-04-14,253,255,247.1,250.3,782800
21-04-14,251.9,256,249.5,252.7,562200
22-04-14,253,256,249,251.6,500600
23-04-14,254.8,266,251.3,265.2,2018600
24-04-14,269.9,276.2,266,270.3,3263400
27-04-14,267,269.9,262,265.8,931400
28-04-14,266.9,266.9,260.2,262.8,583200
29-04-14,263.1,269,260.7,267.9,747200
30-04-14,269,271.7,264.1,268.9,1049600
04-05-14,268.5,271,261,262.9,563400
05-05-14,262.6,268.7,262.1,267.9,773200
06-05-14,272,273.6,266,270.3,1817800
07-05-14,270,277.2,270,276.4,1654800
08-05-14,277,278,271.8,272.6,889400
11-05-14,272.2,273,266.4,269.5,668600
12-05-14,269,271.6,267.7,270.5,631000
14-05-14,271,271,266,267,740800
15-05-14,265,268,261.9,264.5,458200
18-05-14,264.9,265,261,262.2,351400
19-05-14,261,265.4,259.5,261.4,377600
20-05-14,261,263,260,261.3,271000
21-05-14,261.5,263.5,259.3,260.4,320000
22-05-14,263.5,263.5,254.3,255.3,272600
25-05-14,255,258.6,251.8,257.4,198200
26-05-14,259,264.9,258.2,264.1,338400
27-05-14,264.6,266.3,262.7,266,369600
28-05-14,263.5,270.5,263.5,269.8,682200
29-05-14,269,269.5,265,266.3,346800
01-06-14,265.3,276.4,265.1,275.4,1132200
02-06-14,276,286.4,276,281.7,1730400
03-06-14,282,293.7,280.6,290.7,1450200
04-06-14,291.5,297.4,291.5,295.9,1310000
05-06-14,296.9,296.9,284.1,285.9,818400
08-06-14,281,287,275.7,284,738600
09-06-14,282,291.6,282,289.3,639000
10-06-14,290,290,283.1,286.3,498400
11-06-14,282.8,296.2,282.8,295.1,1308600
12-06-14,296.5,303,295.1,299.3,1131000
15-06-14,297.2,308.7,297,307.9,1358400
16-06-14,309.4,312,303.2,305.4,754000
17-06-14,306.6,306.9,300.1,303.7,530400
18-06-14,303,307,300.1,303.3,315800
19-06-14,303,303.9,295.6,300.1,673600
22-06-14,300,302,293.9,296.5,343800
23-06-14,298.7,305.6,296,304.7,882200
24-06-14,305.8,305.8,300,300.9,519800
25-06-14,301,304.7,297.4,301.4,818000
26-06-14,301.5,302,296.5,297.1,550400
29-06-14,298,298.9,293.8,294.7,655600
30-06-14,295.5,301.9,295.2,300.3,432000
02-07-14,301,303.7,295.7,296.1,626200
03-07-14,296.9,298.5,293.8,294.9,342800
06-07-14,296.8,296.8,291.3,291.9,262200
07-07-14,292.9,295,291.5,293.3,221000
08-07-14,293.5,299.3,292.6,297.9,539000
09-07-14,296.3,299,295.1,297.6,304800
10-07-14,298.9,300.1,295.6,297.3,370200
13-07-14,298,299,293.6,294.1,311800
14-07-14,298,298,294.8,295.7,478800
15-07-14,298,298,291,291.7,267600
16-07-14,296,296,289.2,290.7,869000
17-07-14,290.1,290.1,284.8,285.1,554800
20-07-14,285,285,278.6,279.3,306000
21-07-14,279,290.8,278.1,289.4,304800
22-07-14,294,297,291.1,293.5,1366200
23-07-14,295.7,301,294.6,297.7,818200
24-07-14,299,309.3,299,307.5,1946200
03-08-14,311,314.5,305,313.1,895000
04-08-14,312,314.8,309,310.8,1502200
06-08-14,304.9,315.5,303,307.9,1910200
07-08-14,309,331,308,323.9,1257000
10-08-14,326,336.8,326,333.9,1221800
11-08-14,338.5,346.9,325.6,340,1324600
12-08-14,344.9,344.9,329,330.9,1039800
13-08-14,340,341.8,332.4,339.2,777600
14-08-14,344,350.4,341,344.2,1163000
18-08-14,346.9,346.9,335.5,335.8,735000
19-08-14,339,344,334,338.2,1003800
20-08-14,337.5,342,332.9,333.6,932200
21-08-14,335.9,337.5,329,330.3,824400
24-08-14,335,335,324,325.3,769400
25-08-14,325,334.4,324,326.8,614000
26-08-14,327.2,328,317,317.4,948400
27-08-14,318.1,329,313.2,325.5,556600
28-08-14,325.6,325.6,319.1,321.1,420400
31-08-14,321.3,325.8,319,323.7,467200
01-09-14,330,338.6,327,337.4,1045400
02-09-14,339.8,340.2,331,338.9,669200
03-09-14,336.5,346,336.5,337.9,684200
04-09-14,339.9,342.7,336.7,338.1,538800
07-09-14,338.3,339.9,332.5,333.4,422800
08-09-14,333.4,336.8,332.1,333.2,304600
09-09-14,334,341.1,334,338.9,489200
10-09-14,340,342.1,335.4,338,547200
11-09-14,339.5,341.8,336.7,337.8,449200
14-09-14,340,342.9,337.2,338.7,625800
15-09-14,341.9,350.9,341.9,344.2,903800
16-09-14,345,349,341.3,345.7,578800
17-09-14,349.7,360.1,349,353.6,1363400
18-09-14,354.9,367.3,354.9,365.1,938000
21-09-14,366,380.1,360,377.9,921600
22-09-14,383,389.8,381.3,385.9,1155600
23-09-14,385,388,377,380.7,647600
24-09-14,381,384,378.5,379.7,748400
25-09-14,382.3,399.8,382.3,398.6,930400
28-09-14,405,409,393,397.5,868000
29-09-14,399,399.3,386.3,392.2,596200
30-09-14,394,394,378.3,381.9,1966600
01-10-14,382.6,390.1,380,384.2,1079400
02-10-14,383,387,379.2,380.2,648400
12-10-14,380,386,378,380,738200
13-10-14,380,383.7,373.5,374.7,940400
14-10-14,377,378.9,372,372.6,1082400
15-10-14,376.8,383.9,374.3,379.1,792400
16-10-14,380,381.8,376.6,377.8,581000
19-10-14,379.8,379.8,371,371.8,532800
20-10-14,374,375.7,366.6,369.1,491600
21-10-14,372,375.8,369.8,373.6,710400
22-10-14,371,375,369.1,370.8,411800
23-10-14,372.6,375.1,370.2,374.8,478800
26-10-14,375.6,384.9,375,377.7,778400
27-10-14,389,389,378,385.7,1022800
28-10-14,387,389,379,379.7,501000
29-10-14,378,379,372.7,374.6,629800
30-10-14,377.5,378,372.1,374.5,483800
02-11-14,370,379.4,370,370.7,338600
03-11-14,371.2,373,360.1,361.6,557600
05-11-14,365,365,357.3,358.5,455200
06-11-14,362,364.4,351.7,353.3,490000
09-11-14,351.1,352.9,342.3,344.9,456400
10-11-14,342.5,352.4,338.6,348.7,307800
11-11-14,353,355.4,347.2,351.4,354800
12-11-14,353,355,351,354.2,476600
13-11-14,354.9,354.9,348.5,349.6,303600
16-11-14,350.1,350.5,347,347.1,203400
17-11-14,345.5,347,343.7,344.3,258400
18-11-14,343.4,345.9,339,339.4,245000
19-11-14,339.1,343,338.2,339,374200
20-11-14,340,340.1,328.7,334,498200
23-11-14,340,340,328.2,328.9,197200
24-11-14,328.1,328.1,315.2,316.7,527800
25-11-14,323.2,323.8,315,315.6,297400
26-11-14,316.7,318.5,312.4,312.9,236400
27-11-14,313,316.9,312.5,313,211600
30-11-14,314,319.9,313.8,318.7,95200
01-12-14,319.1,343,319,338.5,406600
02-12-14,341,358.6,338.4,354.6,609800
03-12-14,356.3,357.3,348.1,352.2,345200
04-12-14,351.1,357,347.9,352.6,286600
07-12-14,353.9,354.9,348.8,350.3,140800
08-12-14,351,353.5,349.3,352.6,226000
09-12-14,353,361.7,353,355.3,378600
10-12-14,359.9,366.6,357.9,365,445600
11-12-14,368.9,369,361.4,363.1,137403
14-12-14,370,370,352,355.8,149704
15-12-14,355.8,355.3,350,350.6,167092
17-12-14,350,355,349.9,350.6,171273
18-12-14,347.1,355.9,347,350.8,98182
21-12-14,355.5,355.5,350.3,351.5,127531
22-12-14,355,358.5,351.9,357.6,144180
23-12-14,357,358,354.6,357.4,175372
24-12-14,357.5,360.9,355,360.2,249345
28-12-14,361,362.5,356.5,357.8,114128
29-12-14,356.3,357.9,355.7,356.5,176048
30-12-14,355.3,362.9,355,361.9,254289
01-01-15,364,365,360.5,364.3,155125
05-01-15,362.5,368,362.2,367.3,199930
06-01-15,368.6,369.2,365.2,367.4,160261
07-01-15,364,367.7,363.5,365.1,172046
08-01-15,365.8,365.9,364.5,365,157434
11-01-15,364.1,365.4,361.8,362.4,208341
12-01-15,355.9,365.4,355.9,364.6,212791
13-01-15,366,366,361.2,363,238890
14-01-15,360,363.5,359.5,360.2,206528
15-01-15,360,361,358.2,359.3,166878
18-01-15,357.4,358.1,356.2,357,159015
19-01-15,355.5,357.7,351.4,353,244073
20-01-15,350,354.8,350,352.1,233915
21-01-15,350.4,351,345.3,350.2,224848
22-01-15,352,352,348,348.8,151070
25-01-15,347.2,348.1,335,339.2,155304
26-01-15,340,343,328,329.3,240344
27-01-15,329,334.7,325.5,331.5,271546
28-01-15,336,338.9,330.5,332.3,262672
29-01-15,328.6,331.5,328,329.3,158935
01-02-15,327.3,329.8,324.1,326.2,156082
02-02-15,325,330,319.2,326.5,337154
03-02-15,330,337.9,326.3,335.6,194411
04-02-15,336.7,339.9,332.1,338.6,215456
05-02-15,340,340.8,330.1,339.4,251533
08-02-15,339.9,345.6,339.1,340.1,243959
09-02-15,340,347,336.1,340,214549
10-02-15,343,348,340.6,346,301258
11-02-15,347.9,354.9,347.9,353.3,374607
12-02-15,352.5,355.5,348,349.6,248135
15-02-15,350,351.1,348,349,207339
16-02-15,349.6,349.6,343.3,346.4,209155
17-02-15,347.4,347.4,343.3,344.1,288960
19-02-15,339,340.5,332.1,333.1,351605
22-02-15,333.1,342,333,339.9,173235
23-02-15,339.6,343.6,339.1,340.6,171941
24-02-15,341,343.5,337.9,339.7,207643
25-02-15,340,340,336,337.1,186812
26-02-15,337.9,338.7,335,335.3,149433
01-03-15,336.1,338.5,334.2,335,160356
02-03-15,334.6,337.3,330,331,292296
03-03-15,330,334.5,329.8,332.7,202294
04-03-15,332.9,333,328,329.4,255521
05-03-15,328,332.1,327.1,328.1,111926
08-03-15,329.8,329.9,327.7,329,76150
09-03-15,328.1,332.2,326.1,326.8,414660
10-03-15,328.9,330.7,327.6,328.7,239704
11-03-15,331.4,334.9,327,327.7,366647
12-03-15,326,330.3,324.5,325.1,341122
15-03-15,328,332,325,330.3,280839
16-03-15,334,341.2,331.5,339.8,731419
18-03-15,340,344.5,335,336.2,490921
19-03-15,335,339.8,333.6,334.4,269450
22-03-15,337.5,338.8,335.1,336.3,191974
23-03-15,338.9,340,335.4,335.9,289286
24-03-15,336,338.7,336,337.2,236359
25-03-15,338,345.7,338,344.7,730363
29-03-15,348,360,348,355.8,754608
30-03-15,358.7,358.7,348,352.8,811129
31-03-15,354.9,361,354.5,358.2,823691
01-04-15,353.2,358.9,352,353.7,461671
02-04-15,353,354.5,347.1,348.5,534800
05-04-15,348,353.8,345.1,352.3,221175
06-04-15,353,355.4,349,349.3,279928
07-04-15,348.3,349.4,344.5,348.4,353683
08-04-15,352,353.9,346.1,351.1,290547
09-04-15,350,354.4,348.7,349.6,343964
12-04-15,349.6,351.7,347.2,348.2,216000
13-04-15,349.9,349.9,346,346.8,370984
15-04-15,346.5,348.5,342.1,342.7,465638
16-04-15,343.6,348.8,341.1,342,271580
19-04-15,342,344.5,338,339,263706
20-04-15,340,340.1,330,332,361175
21-04-15,337,342,331,332.6,363281
22-04-15,332.1,334.8,328.5,329.3,305022
23-04-15,329,329.8,324,324.8,236356
26-04-15,324.1,324.8,318.2,320.2,227960
27-04-15,318.5,334.1,318.5,331.2,228543
29-04-15,331.8,331.8,325,326,147043
30-04-15,328.8,328.8,317.5,323.7,226665
04-05-15,324.5,330,321,322.6,236792
05-05-15,327,331.9,325,331,279003
06-05-15,333.9,334,329,330.9,183309
07-05-15,328.6,329.7,322.9,325.4,353312
10-05-15,329,332.5,325,329.8,262245
11-05-15,330,334.9,327.8,328.8,244343
12-05-15,331,332.5,325.7,326.8,196203
13-05-15,326,328.9,323,323.4,310436
14-05-15,326.9,326.9,322.1,324.7,188603
17-05-15,324.1,325.9,322.9,323.7,219235
18-05-15,326,331.9,323.2,329.7,372420
19-05-15,333.8,337,332.1,334.4,457192
20-05-15,335,337.8,328.1,330.2,374019
21-05-15,332,332,325.2,326.5,301181
24-05-15,326,327,323.3,324.1,166891
25-05-15,323.3,334.8,323.2,330.9,470474
26-05-15,334,335,326.5,328.7,374025
27-05-15,329.9,330,323.6,324.3,581948
28-05-15,327.9,327.9,320.9,323.2,1072865
31-05-15,328.5,329.5,322.7,323.5,294401
01-06-15,325,333.4,323.2,325.9,1074880
02-06-15,329.5,334.9,327.4,328.4,554383
04-06-15,329.1,330,326,326.8,391377
07-06-15,328.5,329.9,324.5,324.9,332961
08-06-15,327.5,329,322.5,323.6,294794
09-06-15,324.3,325.6,322,322.9,253524
10-06-15,322.8,327.6,321.6,323.9,766665
11-06-15,325,334.7,325,333.5,937539
14-06-15,335,340,333,335.6,658956
15-06-15,336,336.4,330.5,331.8,365896
16-06-15,332.6,335.9,331.5,332.5,385644
17-06-15,333,335,331.6,331.9,436639
18-06-15,330.1,332.9,328,328.5,265953
21-06-15,330,330,325.5,326.8,183980
22-06-15,328.9,328.9,325,325.5,244088
23-06-15,326.3,328.7,322.8,323.5,434156
24-06-15,323.8,328.4,322.8,323.4,330903
25-06-15,325.5,325.5,322.1,324.1,190361
28-06-15,326,327.4,324.2,324.8,284291
29-06-15,325.8,327,324,325.3,478030
30-06-15,326,333,325,329.7,559149
02-07-15,330.1,334,328.3,332,442113
05-07-15,334.4,334.4,326.1,328.6,191894
06-07-15,328.2,331,325.5,328.6,364742
07-07-15,328.6,331.3,326.1,327.3,495943
08-07-15,328,334,327.2,332.6,629636
09-07-15,333.5,340,333.2,339.2,873207
12-07-15,340.1,345.3,338.1,344.1,721420
13-07-15,346.9,349.8,342,347.7,719788
14-07-15,347.7,347.8,340.6,342.2,443898
21-07-15,340,342,326,335.3,797337
22-07-15,335.2,338.8,332.2,333.6,475232
23-07-15,334.6,339.9,333.9,337.9,743112
26-07-15,340,340.4,336,338.6,631992
27-07-15,338.6,339.2,336.1,337.4,496828
28-07-15,338,339.9,337,339.2,588526
30-07-15,332.2,335,329,330.5,458992
02-08-15,330,330.2,324.4,325.7,597837
03-08-15,328.5,330.5,327,329,279932
04-08-15,329.8,329.9,325.3,327.9,475381
05-08-15,329,329,323.3,324,426097
06-08-15,324,326.5,323,323.8,348245
09-08-15,323.9,326.1,322.2,323.2,203608
10-08-15,323.3,323.8,322,322.5,431092
11-08-15,324.8,324.9,320.1,320.6,350800
12-08-15,322.1,323.5,319.5,319.8,327368
13-08-15,320.8,321.8,315.8,316.5,364847
16-08-15,316.9,318.5,316,316.6,165281
17-08-15,316.6,317.4,310,311.1,449494
18-08-15,311.9,320,309,315.9,370013
19-08-15,318.9,318.9,313.5,314.9,118637
20-08-15,314,316,312.9,314.4,222352
23-08-15,315,319.2,313.1,318,165228
24-08-15,316.5,318.2,316.3,317.2,202250
25-08-15,318.7,318.7,315.7,317.9,201350
26-08-15,318.7,321,318,320.1,221516
27-08-15,321.5,321.5,318.2,319.9,328399
30-08-15,319,320,317.6,317.8,130259
31-08-15,317.2,318.9,316,316.7,150533
01-09-15,316.1,317.8,313.5,314.7,141557
02-09-15,313.6,318,313.5,315.5,141790
03-09-15,315.1,316.7,314.5,315.4,141354
06-09-15,314.1,316.5,314.1,315.2,137376
07-09-15,314.4,315,313,313.6,198554
08-09-15,314,315.5,313.1,314.3,276856
09-09-15,313.2,315,308.4,309,471279
10-09-15,309.1,310,304.8,305.5,368348
13-09-15,304.1,309.5,304,306,173468
14-09-15,307.1,309.3,306.4,306.8,178451
15-09-15,307.4,309.6,307.4,308.1,89909
16-09-15,308.3,309,306,306.8,120946
17-09-15,306,306.1,300.1,302.4,474259
20-09-15,301.1,301.4,295,299.9,261466
21-09-15,298.2,300.9,295,299.8,345511
22-09-15,299.1,304,299,299.9,166727
28-09-15,300.1,302,294,294.6,364143
29-09-15,296,296,290.2,290.8,354263
30-09-15,290.8,290.8,284.5,285.1,833000
01-10-15,285.1,287.9,285.1,285.8,243826
04-10-15,286,287.7,281,281.7,247897
05-10-15,282,282,275.5,276.1,537491
06-10-15,276.2,282.2,274.8,275.2,333825
07-10-15,279,279.3,266.5,267.4,461989
08-10-15,266.3,268,258.5,260.1,444804
11-10-15,259.8,266.8,254.1,264.5,402933
12-10-15,267,267.7,264.7,265.8,231639
13-10-15,264,267,258.3,259.6,278690
14-10-15,260.1,260.8,254.6,255.3,305468
15-10-15,254.9,258.9,242,244.5,481075
18-10-15,245,247.7,236.1,244.6,292044
19-10-15,245,253.4,241,252.2,409898
20-10-15,253.2,259.2,253.2,258.2,370453
21-10-15,258.9,259.8,253.6,254.5,310969
25-10-15,253.1,255,250.5,253,118754
26-10-15,253,254,246.2,247.6,313704
27-10-15,250,251.5,247,249.9,91149
28-10-15,250,250.1,246.6,248.6,184491
29-10-15,246.5,251,246.5,248.6,285936
01-11-15,250.8,252.5,246.7,248.9,144151
02-11-15,249.8,252.4,247.3,251.4,412649
03-11-15,251.4,251.9,247.5,248.5,274046
04-11-15,249,249,247.4,247.8,172422
05-11-15,248,252.4,247.9,251.4,186847
08-11-15,250,252.4,248.5,249.8,153584
09-11-15,249.3,251.3,247.6,250.8,236430
10-11-15,250,252.3,249.9,250.8,186066
11-11-15,251,251.8,247,248.2,123105
12-11-15,250,250.3,249,249.8,90739
15-11-15,250.2,250.8,249.1,250.1,57339
16-11-15,249.5,252,249.5,250.3,177037
17-11-15,250.5,255.5,250,254.5,124887
18-11-15,254.5,254.5,251.2,252.2,230075
19-11-15,250.7,254,250.7,253.1,63797
22-11-15,252.2,253.9,252.2,253.3,174125
23-11-15,254.8,254.9,253.5,254,134917
24-11-15,252.9,254,251.7,252.5,100423
25-11-15,252,253.9,252,253.1,88707
26-11-15,253.1,255.3,253,254.6,133024
29-11-15,255.8,258,255.1,256.4,162005
30-11-15,256.1,267.3,256.1,265.5,294283
01-12-15,267.9,274.4,266.8,269.9,243902
02-12-15,271.1,275.7,265,270.8,410150
03-12-15,272,272.5,269.8,271.4,175853
06-12-15,272,272.5,268,268.7,128913
07-12-15,267.4,268,254.5,257.5,552969
08-12-15,257,259.5,253,254.1,219733
09-12-15,257.6,257.7,250,251.9,223445
10-12-15,252.7,254.3,252.6,253,233199
13-12-15,256.3,256.3,250.1,251.9,98271
14-12-15,253,253,251.7,252,127904
15-12-15,251.3,252.5,250.5,251.4,118853
17-12-15,251.2,253,251,251.7,75684
20-12-15,250.7,253,250.7,252.3,61983
21-12-15,253.4,257.8,253.4,253.9,91240
22-12-15,255,256.9,253,254,104190
23-12-15,253.5,254.5,253,253.5,148159
24-12-15,253.5,255,253,253.2,67648
27-12-15,254,255,253.2,253.9,30738
28-12-15,253.7,254.9,252.8,253.1,79436
29-12-15,254,254.4,252.3,252.7,117066
30-12-15,253,253.4,252.1,252.6,78647
31-12-15,253,253.3,252.3,253,84850
03-01-16,253.4,254,252.9,253.3,44880
04-01-16,254.5,254.8,252.1,252.3,102658
05-01-16,252.7,253,251.1,251.5,156955
06-01-16,252,254.8,251.9,252.5,131439
07-01-16,253.1,253.8,251.9,252.2,144680
10-01-16,252,254.5,252,253.7,102801
11-01-16,254,262,253.5,257.6,233191
12-01-16,258.5,259.8,255,255.5,76307
13-01-16,255.4,257.9,253.6,256.2,161792
14-01-16,256.6,257.9,254.5,256.9,127151
17-01-16,257,262.5,257,259.3,236683
18-01-16,259.5,263.8,259,261.1,185687
19-01-16,263.3,274,261.5,273,648776
20-01-16,274,274,267,268.7,323136
21-01-16,269.8,269.8,265.2,266,224732
24-01-16,266,269,265,267.7,103709
25-01-16,266.2,268.3,266.1,267.7,100503
26-01-16,266.5,268.8,265.5,268,157468
27-01-16,268,269.6,264.6,265.1,110245
28-01-16,265,265.7,260,261.2,133898
31-01-16,262.5,262.5,255.6,256.7,125270
01-02-16,257,259,254.3,256.3,155217
02-02-16,256.3,262,256.3,261,121140
03-02-16,260.7,264.7,260.2,261,133534
04-02-16,258.7,261.2,258.7,259.1,111564
07-02-16,260.4,260.4,255.8,257.3,101824
08-02-16,260,260,254.9,257.9,287382
09-02-16,258.6,260,255,257.6,175386
10-02-16,259.7,259.7,255.3,258,250897
11-02-16,257.8,258,255.3,255.6,113260
14-02-16,255.5,257.6,254.1,254.7,142711
15-02-16,255,257.9,254.5,256.5,155118
16-02-16,258,258,255.1,256.3,114735
17-02-16,256,257,254,255.1,96392
18-02-16,256,256,254.5,254.8,170094
22-02-16,255.3,259.7,253.1,258.3,202032
23-02-16,259,259.7,256,256.6,235202
24-02-16,256.5,258,255.5,255.9,132100
25-02-16,256,256.5,255.2,256.2,78277
28-02-16,256.2,257.5,255.1,256.6,135888
01-03-16,250.1,251.5,243,244.1,693926
02-03-16,244.1,245,239.6,240.2,861313
03-03-16,241,244.5,241,244,142064
06-03-16,241.6,248.4,241,247.3,131859
07-03-16,246,248.1,243.5,245.1,145534
08-03-16,243.7,246.5,242.8,243.9,67832
09-03-16,245.5,246,243.2,243.8,57092
10-03-16,244,244,242.6,242.9,79316
13-03-16,244.8,244.8,242.6,243.5,44712
14-03-16,243,244,240.8,241.1,212301
15-03-16,242.1,243,240.3,240.6,85902
16-03-16,240.6,241,237.5,238.8,112437
20-03-16,239.5,244.9,238.6,241.5,67084
21-03-16,240.5,241.4,239.8,240.1,101991
22-03-16,240,240,236,237.1,65750
23-03-16,239,239,234.7,236.5,179048
24-03-16,235.2,237,234.1,236.5,81672
27-03-16,235.1,236,233.9,234.5,59217
28-03-16,234.1,235,231.4,232.4,79420
29-03-16,230.4,234.9,230.2,231.1,114591
30-03-16,230.3,233.9,228.6,229.8,101992
31-03-16,232,232,224.5,226.8,311473
03-04-16,227,234.9,226.9,233.9,53492
04-04-16,233.1,234.8,231.2,233.2,40223
05-04-16,232.3,233.9,232.3,233,48820
06-04-16,232.5,233.3,232.1,232.5,42276
07-04-16,233.2,233.9,232.5,233.1,47261
10-04-16,233,238.7,232,235.5,78931
11-04-16,234.5,236.3,233.5,233.9,50006
12-04-16,233.8,234.8,233,233.7,42212
13-04-16,234,235,233.1,233.7,75388
17-04-16,234,235.5,233.5,233.6,76547
18-04-16,235.9,236.8,232.5,233.3,119395
19-04-16,233.6,236.7,233.6,235.3,135150
20-04-16,237,241.3,237,240.3,166147
21-04-16,243,252,242.9,248.6,362566
24-04-16,248.6,252.9,246,248.6,167926
25-04-16,250,253,246.6,251.2,280589
26-04-16,251.9,252.3,248.7,251.7,124370
27-04-16,251,252.3,249.4,250.3,175582
28-04-16,250.5,251,244.3,246.4,160035
02-05-16,245,246.5,241.8,244.4,92010
03-05-16,247,249.9,244.3,248,109987
04-05-16,246,249.5,245,245.9,128925
05-05-16,247,249.9,247,248.3,84834
08-05-16,247,249.9,247,249.3,78384
09-05-16,249.8,253.5,249.6,253,196053
10-05-16,253.4,256.1,253.4,254.8,190350
11-05-16,252.1,254.8,252.1,252.8,50089
12-05-16,251.1,253.8,251.1,252.6,81402
15-05-16,251.1,253.8,251.1,252.8,78912
16-05-16,252,254,252,253,100248
17-05-16,252.2,254.1,252.2,253.6,84937
18-05-16,252.2,256,252.2,255.3,103757
19-05-16,254.6,258,254,255.2,128644
22-05-16,255.2,258,254.5,257.6,330209
24-05-16,256.7,257.7,256.2,256.6,145927
25-05-16,256.6,257,254.3,254.5,161245
26-05-16,254,256,252.9,254.5,81582
29-05-16,255.2,257.4,253.9,256.8,129366
30-05-16,257,257.8,255.5,256.9,161179
31-05-16,257,257,254.6,255.1,145880
01-06-16,255,257,255,256.4,39140
02-06-16,256.7,257,255.2,256,41973
05-06-16,255.2,257,254.1,256.5,80293
06-06-16,255.2,257.2,255.2,256.3,95284
07-06-16,255.1,256.8,253.7,255.2,333429
08-06-16,256,257,255.1,255.8,29177
09-06-16,255.1,257,255,255.6,66907
12-06-16,255.2,256,255,255.1,58913
13-06-16,255.1,255.2,254.8,255,105724
14-06-16,255.7,255.7,254.8,255.2,113928
15-06-16,255,256,254.8,255,202782
16-06-16,255.6,255.6,252.1,252.6,130277
19-06-16,252.1,252.5,251.6,251.8,77189
20-06-16,252,254.4,250,251.4,55095
21-06-16,252,252,250.4,251.3,44554
22-06-16,252,252,250.1,250.5,47617
23-06-16,250.2,252.2,250,250.6,57772
26-06-16,250,251.4,249,250.3,61588
27-06-16,250,250.7,249.1,249.9,72017
28-06-16,250,253.9,249.8,252.5,465933
29-06-16,253.9,254.5,250,252.2,165941
30-06-16,251.7,257,251.7,254.7,193224
10-07-16,252,254,250,253.1,65333
11-07-16,253,255,252.5,254.6,60759
12-07-16,255.8,257,254.1,256,61802
13-07-16,256.8,259.5,256.1,256.5,189091
14-07-16,257,257.4,256.3,256.9,134399
16-07-16,257,257.5,256.3,257.2,99342
17-07-16,256.2,259,256.2,258.2,138096
18-07-16,259,261,256,258,359802
19-07-16,259.4,263.4,257.7,262.5,390103
20-07-16,263,268.9,263,267.9,439457
21-07-16,268,268.6,266.6,267.9,230534
24-07-16,263,268.9,263,265.9,91343
25-07-16,265.2,271.9,265.2,270.7,435675
26-07-16,269.1,281.5,269.1,279.7,773149
27-07-16,278,286,278,284.7,1382126
28-07-16,284,285.9,265,281.1,419664
31-07-16,276.5,280.8,275,276.4,218465
01-08-16,276.6,276.7,274.6,275.6,168030
02-08-16,275.5,279.4,275.5,276.5,166461
03-08-16,276.3,277.4,275.5,275.9,150266
04-08-16,275.1,275.3,273,274.3,192867
07-08-16,277.4,277.4,273.1,275,347318
09-08-16,265.3,268.5,264.5,267.6,196823
10-08-16,267.9,270,265.6,269.3,251043
11-08-16,272,275,269.1,271.4,246726
14-08-16,272.5,272.8,268.5,270.2,77628
16-08-16,271,273.6,270.1,273.2,145204
17-08-16,272,273,271.3,271.9,165132
18-08-16,271.2,272.5,271.2,271.5,241117
21-08-16,270,272,267.2,270.2,107314
22-08-16,270.5,271,270.3,270.7,107439
23-08-16,270.2,272,267.2,268.2,231668
24-08-16,267.1,267.6,266.1,266.9,50755
28-08-16,265.1,265.7,265,265.4,61898
29-08-16,265.4,265.8,263.6,264.7,83295
30-08-16,264.7,265,263.5,264.6,61936
31-08-16,262,264.9,262,263.9,128380
01-09-16,262.9,264.9,262.3,264.4,71027
04-09-16,263.7,270,263.7,267.1,89848
05-09-16,268,268,265.7,267.6,64315
06-09-16,268,268.9,266.1,267.1,140643
07-09-16,266,268,266,267.2,99009
08-09-16,266.3,268,266,266.2,99623
18-09-16,265,267,264.9,265.8,32480
19-09-16,265,266.9,260,263.4,81816
20-09-16,262,264.8,262,264,113989
21-09-16,264,264.6,261.9,262.3,133165
22-09-16,262,265.5,262,265,132224
24-09-16,263.7,268.5,263.5,267.8,136050
25-09-16,267.1,270,265.6,268.6,159628
26-09-16,268.1,270,268.1,269.9,101855
27-09-16,269.2,270,267.1,267.9,82652
28-09-16,267.1,269.9,267.1,268.3,67991
29-09-16,269,270,268.5,269.8,143539
02-10-16,268.5,270,268.5,269.9,119152
03-10-16,268.8,270.5,268.7,270.1,128260
04-10-16,271,274.2,270.1,273.9,393602
05-10-16,273.9,273.9,271.3,271.8,73988
06-10-16,272,272.6,270,272.3,94121
09-10-16,270.4,271.3,268,269,64034
10-10-16,269.8,270.5,265.6,267.2,138894
13-10-16,269,270.5,267.6,269.8,51945
16-10-16,269.7,270.5,268.7,270.1,77577
17-10-16,270.4,270.7,269.6,270.2,87646
18-10-16,270.7,274.4,270.4,273.8,250912
19-10-16,275,278.2,274.8,275.7,524147
20-10-16,277.8,278,276,276.8,183311
23-10-16,277.5,282,277,281,354341
24-10-16,281.2,285,281,284.7,315227
25-10-16,285,285,281.6,282,238888
26-10-16,280,281.8,278.1,278.8,138556
27-10-16,279.9,281.4,278.5,279.1,111607
30-10-16,277,279.5,276.3,276.9,77582
31-10-16,275,276,272.8,273.2,139729
01-11-16,273,278.2,272.5,277.5,118481
02-11-16,278.5,279.9,277,278.2,267059
03-11-16,278.1,279.7,278.1,278.8,204331
06-11-16,279.9,279.9,278,278.4,45788
07-11-16,278,280,278,279.8,211279
08-11-16,279.1,283.5,279.1,282.2,337318
09-11-16,281.3,282,279.6,281,200898
10-11-16,279.1,280.1,278.2,279,172213
13-11-16,277.1,280.5,276.9,279.6,76813
14-11-16,280,280.1,279,279.9,197525
15-11-16,279.1,280.1,279,279.5,90423
16-11-16,279.8,282,279.4,280.8,404169
17-11-16,281.8,284.5,281.7,283.9,684451
20-11-16,282.5,292,282.5,288,432997
21-11-16,287.1,289,286.5,287,244910
22-11-16,288,290.2,286.7,290,533392
23-11-16,288.6,291.4,288.6,290.2,357216
24-11-16,292,292,287.6,288,381566
27-11-16,288,289.1,287,287.3,113654
28-11-16,286,287.3,284.7,285,130582
29-11-16,285.2,287,282.3,284.6,193621
30-11-16,289.9,289.9,282.5,283.4,351438
01-12-16,283.9,284.9,283,284.2,113525
04-12-16,283.3,284.5,283.3,284.5,62930
05-12-16,284,286.7,284,286.5,370962
06-12-16,287.9,287.9,286,286.8,180687
07-12-16,286.2,288.8,286.2,288.1,287819
08-12-16,290,290,287.2,288,197844
11-12-16,287,288.9,285.5,285.9,130374
12-12-16,284,286.2,284,285.6,93532
14-12-16,283,287,283,285.8,220881
15-12-16,288,288,286,286.9,356470
18-12-16,287.7,287.8,285,285.6,55152
19-12-16,285.2,286.3,285,286,383922
20-12-16,285,287,285,286.9,279652
21-12-16,287,287.5,286.3,287,118154
22-12-16,286.1,287,285,285.7,211867
26-12-16,286,286,283,283.6,132580
27-12-16,283.7,285.9,283,283.7,116757
28-12-16,283,284.5,283,283.4,97413
29-12-16,283.1,285.7,283,284.1,121981
01-01-17,283.5,285,281.5,283,81413
02-01-17,282,286,282,283.8,207796
03-01-17,284,287,283.5,285.8,510520
04-01-17,286.1,289.9,286.1,288.6,431195
05-01-17,290,291.7,286.5,287.6,263372
08-01-17,288,293.7,286.9,292,300578
09-01-17,290,291.5,289.5,290.8,128633
10-01-17,290.1,290.5,287.5,289.3,313298
11-01-17,288,290.5,288,290.5,113633
12-01-17,290.7,292.8,288.5,292.5,665205
15-01-17,291,292,288,289.9,181685
16-01-17,290,295,289.9,294.3,473947
17-01-17,292.1,295.4,292,295,225949
18-01-17,294,299.7,292,297.8,594219
19-01-17,297,297.9,295.5,297.2,388511
22-01-17,298,298.7,296.7,297.1,187818
23-01-17,297.4,299.7,297,298.7,505511
24-01-17,298.5,308,298.5,306.6,827667
25-01-17,306.3,307,300,302.7,666493
26-01-17,302,305.9,300,305,359169
29-01-17,305.5,309,302.1,304.1,197608
30-01-17,303,304.5,301.2,302.6,198723
31-01-17,301,302.3,300,301.6,139609
01-02-17,301,307.9,301,306.5,311345
02-02-17,306.5,310.9,304,304.3,236783
05-02-17,306.5,306.8,302.5,304.5,233977
06-02-17,304,306,304,305.5,124320
07-02-17,303.8,305.7,303.7,305.1,131136
08-02-17,304.6,309.9,304.5,308.7,205304
09-02-17,308,309.9,307.2,309.1,124892
12-02-17,307.1,310,307.1,309.8,146571
13-02-17,309.9,319.7,309.9,318.1,363336
14-02-17,319.9,320.4,317.1,319.8,478280
15-02-17,320,320.5,317,318.2,519190
16-02-17,318,321,317.8,319.9,455744
19-02-17,320,320.2,319,319.7,227539
20-02-17,318.8,320.2,318.4,319.3,378708
23-02-17,317.7,319.3,308.2,315.2,332720
26-02-17,315.2,315.2,312.6,313.1,281067
27-02-17,315.1,315.1,310,311.4,247292
28-02-17,308.2,310.2,307.9,309,309170
01-03-17,309.2,312,308.6,309.4,110517
02-03-17,310,311,309,310.4,119224
05-03-17,311.9,311.9,310.3,311.1,52648
06-03-17,309.5,311.7,309,311.4,159902
07-03-17,310.6,314.9,310.6,314.5,335940
08-03-17,313.1,318,313.1,316.9,332122
09-03-17,316.9,318.9,316.9,317.8,353183
12-03-17,318.7,318.7,316.3,316.9,207499
13-03-17,318.4,318.4,313.6,316.9,100110
14-03-17,317.9,317.9,314.2,317.4,111072
15-03-17,317.8,317.8,313.2,317.3,113763
16-03-17,315.2,317.1,315.1,316.8,98788
19-03-17,317,318.2,315.6,317.3,151376
20-03-17,317,317.8,316.7,317.2,98541
21-03-17,316,318.3,315.5,318,332244
22-03-17,314,318.5,314,317.4,126117
23-03-17,317,317.7,316,317.4,128147
27-03-17,316.1,317.5,315.7,317.4,249928
28-03-17,316.6,319.9,316.6,319.2,261848
29-03-17,319.4,330.5,319.2,329.9,511357
30-03-17,330,334.5,330,332.1,298130
02-04-17,332.2,339.8,331.1,338.3,375873
03-04-17,338.3,350,338.3,347.7,554932
04-04-17,349.9,352.9,346.4,348.1,762382
05-04-17,348,348,343.1,345.6,255317
06-04-17,346.5,346.9,342,342.9,165676
09-04-17,345,346.5,342.3,344.1,160527
10-04-17,342.1,344.9,342.1,343.8,104924
11-04-17,344.5,345.5,342.6,343.2,83433
12-04-17,343,344,336.2,342.5,135140
13-04-17,342,342,338,338.6,30301
16-04-17,340,340.9,336.7,337.1,147787
17-04-17,337,338,332.1,335.4,105840
18-04-17,335,336,331,334.7,101114
19-04-17,333,336,328.1,335.3,139139
20-04-17,336.9,336.9,333.1,334.4,64593
23-04-17,338,342.8,336.5,338.4,256562
24-04-17,339.9,341.9,337.8,339.8,304729
25-04-17,340,340,338.2,338.9,109317
26-04-17,338,339.5,334.5,336.7,247051
27-04-17,339.9,341.8,336.1,337.3,84923
30-04-17,337.1,339,337,337.6,71724
02-05-17,337.9,340.4,337,338.4,104942
03-05-17,338,339.5,336.6,337.7,157002
04-05-17,337,340.4,337,339.7,136820
07-05-17,340,341.2,339.7,340,156882
08-05-17,340,340.5,339,339.7,115143
09-05-17,339.5,339.5,337.2,338.2,57178
11-05-17,338,339,335.9,336.7,155564
14-05-17,338.8,338.9,335,336,121967
15-05-17,335.6,335.6,331.8,332,97167
16-05-17,332,333.9,329.8,330.1,118387
17-05-17,328,336,328,332.1,138796
18-05-17,330.2,335,329,331.7,88536
21-05-17,334.9,335,330.3,331.2,50166
22-05-17,331.2,334,331,331.9,60979
23-05-17,331.1,332,330.6,331.7,94114
24-05-17,331.1,333,331,331.7,45731
25-05-17,331.1,335,331.1,333.5,39636
28-05-17,334,334,331.6,331.8,21340
29-05-17,331.7,332.4,331.2,331.7,148533
30-05-17,331.5,331.5,328.1,329.1,91021
31-05-17,329.2,331,325.2,328.7,390719
01-06-17,329.2,334.6,329.2,334.3,79340
04-06-17,333.5,337,333.1,336.4,183051
05-06-17,336,337.8,335,336.2,176062
06-06-17,337.1,337.7,335,336.5,67335
07-06-17,337.9,337.9,335,336.6,67202
08-06-17,335.9,336,332.8,333.9,272872
11-06-17,333.3,333.3,330.2,331.1,177332
12-06-17,330.9,331.9,330.7,331.1,191496
13-06-17,331.1,335.6,330.6,331.6,51791
14-06-17,331.5,333,331.4,331.8,98285
15-06-17,333,335,331.2,332.2,252594
18-06-17,331.1,332.9,331.1,332.1,101286
19-06-17,340,340,331.1,332.6,55375
20-06-17,332.1,335,332.1,334.9,275342
21-06-17,335.8,338.5,335.2,338.2,291584
22-06-17,338.8,341,338.8,339.9,342336
28-06-17,340,342.4,338.1,341.4,208414
29-06-17,341,344.6,341,344.4,528970
02-07-17,344.3,346.5,344,344.5,98284
03-07-17,344.5,353.2,344.5,352.1,608384
04-07-17,351.1,356.7,351.1,355.6,525100
05-07-17,355,356.4,354,355.4,269810
06-07-17,355.4,355.4,340,340.2,1041116
09-07-17,340.5,344.8,335,337.4,504150
10-07-17,340,349,340,348.1,356741
11-07-17,348.3,350.5,346.9,348.4,275348
12-07-17,348.5,350.9,346.1,347.9,457400
13-07-17,354.8,367,350,365.1,1822461
16-07-17,365.1,375,365.1,370.8,597935
17-07-17,370.9,374,368.1,369.2,383119
18-07-17,370.9,370.9,364.3,365.1,220291
19-07-17,365.1,371.5,364,369.8,550630
20-07-17,370,371.4,364.7,366.4,354178
23-07-17,367.9,368.7,366.6,366.9,129697
24-07-17,367,369,366.7,368.1,269833
25-07-17,369,371.5,369,370.5,221654
26-07-17,371,376.9,370,374.9,607983
27-07-17,375.5,382,375,379.1,713223
30-07-17,376.7,380.2,376.6,377.4,229607
31-07-17,376.2,381,376.2,379.5,305855
01-08-17,379.7,381.7,378.6,379.3,550588
03-08-17,370,376.5,370,374.8,535875
06-08-17,373.2,378,373.2,377.5,161056
07-08-17,379.4,379.9,374.5,376.2,297426
08-08-17,377,379.9,375.1,376.2,132539
09-08-17,376.5,376.9,376,376.5,228484
10-08-17,376.2,381,376.2,380.1,508972
13-08-17,381.6,381.7,380.2,380.8,176517
16-08-17,382,389.4,382,387.2,541447
17-08-17,388,394.8,388,392,393452
20-08-17,391.6,393,386.5,391.5,122397
21-08-17,391.5,392,388.7,391.9,181688
22-08-17,391.1,394,390.4,391.3,206760
23-08-17,390.5,392.1,386.1,387.4,227118
24-08-17,388.4,389,386.1,387,233082
27-08-17,390,390,386.2,387.7,118219
28-08-17,387.1,390,386.2,388.9,180338
29-08-17,388.9,393.8,388.9,390.9,166765
30-08-17,390.5,391.9,390,391.1,175720
31-08-17,391,392,388.2,389.6,246846
04-09-17,392,394.4,390.5,392,107351
05-09-17,395,403.8,394.5,397,287000
06-09-17,401.7,401.8,394.8,396.9,197118
07-09-17,396.9,407,396.9,406.6,573120
10-09-17,408,435,405.2,428.4,734390
11-09-17,430,432,417.2,418.9,369809
12-09-17,420,421,410.7,411.9,528291
13-09-17,415,427.9,413.2,422,583326
14-09-17,423.1,428.6,418,420.6,373746
17-09-17,418,419.3,413,414,300460
18-09-17,414.5,417,406.9,408.4,333116
19-09-17,411,417.8,407.1,413.1,274081
20-09-17,412,418.6,412,413.7,124246
21-09-17,413.7,414,410,411.2,101732
24-09-17,411.2,412.6,408.3,410.4,180265
25-09-17,410.4,414,409,412,134455
26-09-17,410,413.9,410,411.2,122106
27-09-17,411,417,411,416.3,580474
28-09-17,415,418,414.5,415.3,274970
02-10-17,412.3,415,408,410.6,215218
03-10-17,410,417.6,409.5,414.8,337471
04-10-17,415,418,414.4,416.9,126147
05-10-17,416.1,423.5,416.1,419.5,126177
08-10-17,420.5,421,417.3,417.9,108375
09-10-17,416,423.4,416,422,225358
10-10-17,422,428,422,427.5,306953
11-10-17,429.5,437.8,424.1,432.6,390260
12-10-17,430,433,426.2,429,260714
15-10-17,429,431.8,423.4,428.7,131820
16-10-17,428.1,431.5,425.2,426.4,159957
17-10-17,426,426,421.5,422,163169
18-10-17,422.1,422.9,418.5,420.1,193867
19-10-17,420,426.8,419,424,60360
22-10-17,430,434,425.1,430.1,358637
23-10-17,431.9,433.8,429,431.2,422254
24-10-17,431.3,442,431.3,439.6,587339
25-10-17,440,450,437,445.7,262802
26-10-17,447.9,453.3,443.1,445.3,327068
29-10-17,445.3,447.7,438.5,442,207612
30-10-17,442,444,438.3,439.7,124181
31-10-17,441.9,441.9,437.6,438.3,119510
01-11-17,439.8,444,438,440,117972
02-11-17,438.2,443.9,438,441.1,257641
05-11-17,440.8,441,438.8,439.6,123971
06-11-17,440.5,448.1,439.7,444.8,252197
07-11-17,444.5,446.9,440.7,442.3,203658
08-11-17,442,460,442,459,707659
09-11-17,457,464.5,456,456.9,323071
12-11-17,457.5,473,456,471.4,296774
13-11-17,472.9,495,472.9,491.5,667585
14-11-17,493.8,506.9,488,499.9,969531
15-11-17,500,501,484.2,486.1,525669
16-11-17,484,489.9,472,486.3,609587
19-11-17,489,495,486,487.8,241557
20-11-17,489.5,489.5,479.5,480.2,313071
21-11-17,480,482.8,472.5,473.4,549914
22-11-17,473.5,484.9,473,483.3,386385
23-11-17,483,484,478.1,478.6,205235
26-11-17,476.2,482,475.5,476.2,136459
27-11-17,479.2,479.2,470,470.5,271969
28-11-17,471,474.8,461.3,463.7,251570
29-11-17,466,474,460.8,469.1,255420
30-11-17,475,477,468.6,471.4,346127
03-12-17,472.1,478.1,472.1,476.2,329035
04-12-17,477,483,477,482.5,696520
05-12-17,484,492,482.6,484.5,311605
06-12-17,487,487.6,477.2,478.6,277845
07-12-17,480.8,480.8,475.6,478,125692
10-12-17,478.3,478.5,473.3,474.9,50534
11-12-17,474.5,475.7,472.1,472.9,400261
12-12-17,473.6,473.6,468.1,469.5,300454
13-12-17,470,475.8,468,468.4,103670
14-12-17,471.9,472,465.1,465.8,189064
17-12-17,467.5,469.9,466,467,49165
18-12-17,469.4,469.4,467.1,468.1,606454
19-12-17,468.2,472,465,466.2,193084
20-12-17,469,469,461,462.4,253439
21-12-17,462.4,464.7,460.1,462.2,360340
24-12-17,460.1,468,460.1,467.1,65833
26-12-17,470.9,471.5,465,466.6,135533
27-12-17,465.3,469.1,465,467.9,197952
28-12-17,469.4,472,467,470.8,176528
